Date,real_gdp_growth,inflation,tbill_yield,shiller_pe,consumer_confidence,mktcap_gdp_ratio,sp500_return,crash,bubble
1960-01-01,9.296776666683137,-1.6199442818417897,4.72,18.34,101.702825283376,0.10693856791142693,-1.743989163562476,0,0
1960-02-01,9.296776666683137,1.6466185854607351,4.49,17.55,101.414945584354,0.10279223363948636,-3.8773048423229373,0,0
1960-03-01,9.296776666683137,0,4.25,17.29,101.166242373775,0.10139169406318645,-1.3624955181068432,0,0
1960-04-01,-2.140153496334185,5.435193066430366,4.28,17.43,101.02905404907,0.10299770828712942,1.290439840058144,0,0
1960-05-01,-2.140153496334185,1.2255167755628626,4.35,17.26,101.063689847438,0.10205514896133658,-0.9151265027812605,0,0
1960-06-01,-2.140153496334185,1.6353985082149691,4.15,17.82,101.161723892077,0.105825386264508,3.6943136544730137,0,0
1960-07-01,1.9715090563199311,-2.4046931361649704,3.9,17.38,101.182432183032,0.10234529072367504,-2.479916171847707,0,0
1960-08-01,1.9715090563199311,2.463943414328318,3.8,17.58,101.025831341781,0.10357328758586813,1.1998567335243404,0,0
1960-09-01,1.9715090563199311,0,3.8,17.05,100.7830431095,0.10045747465194536,-3.0083171120155683,0,0
1960-10-01,-5.035746587875655,5.823653715482524,3.89,16.61,100.581454981855,0.09946371416353662,-1.9704433497537033,0,0
1960-11-01,-5.035746587875655,1.2168180346153523,3.93,17.15,100.516068236146,0.10268476130004424,3.2384142936906724,0,0
1960-12-01,-5.035746587875655,1.2155854276292288,3.84,17.56,100.539645852496,0.1051468260653058,2.3976924463674054,0,0
1961-01-01,2.7275793397391057,1.2143553152879738,3.84,18.47,100.593896486182,0.1095743626815995,5.1408450704225395,0,0
1961-02-01,2.7275793397391057,0,3.78,19.23,100.651694077907,0.1140696270581889,4.102478231748163,0,0
1961-03-01,2.7275793397391057,0,3.74,19.84,100.728624446742,0.11764749054159679,3.1365610423033763,0,0
1961-04-01,6.964765183215915,-1.1997856544214702,3.78,20.38,100.86466603437,0.11849625142877715,2.6668746101060403,0,0
1961-05-01,6.964765183215915,1.2143553152879738,3.71,20.6,101.086737872229,0.11970227434321253,1.017773051800086,0,0
1961-06-01,6.964765183215915,0,3.88,20.33,101.312136329856,0.1181182442466407,-1.3233082706766819,0,0
1961-07-01,7.902501622573621,3.2650226663679227,3.92,20.15,101.420357555506,0.11527946108965867,-0.27430661383724964,0,0
1961-08-01,7.902501622573621,0.805094658851413,4.04,20.94,101.321593298321,0.11941923391301898,3.5910757946210348,0,0
1961-09-01,7.902501622573621,1.6150394410014979,3.98,20.71,101.142403961162,0.11848558302094198,-0.7818262280572363,0,0
1961-10-01,8.078225948729823,0,3.92,20.92,101.052520987307,0.1171177998387908,1.100208147487347,0,0
1961-11-01,8.078225948729823,0,3.94,21.86,101.172074328448,0.12242254724325367,4.529411764705871,0,0
1961-12-01,8.078225948729823,1.2074314362674032,4.06,22.04,101.38951354806,0.12355927882992429,0.928531232414187,0,1
1962-01-01,7.327550069306876,1.2062177630158155,4.08,21.2,101.544721722735,0.11627691649846045,-3.7217730694173445,0,1
1962-02-01,7.327550069306876,2.832389171696259,4.04,21.45,101.514243465027,0.11821290106445481,1.6649775589981264,0,1
1962-03-01,7.327550069306876,2.417614469500795,3.93,21.44,101.358743991255,0.11833074360325448,0.09968669894617754,0,1
1962-04-01,3.66398029838213,1.6026373238532843,3.84,20.66,101.156095699333,0.11334752467661394,-3.1867975529947468,0,1
1962-05-01,3.66398029838213,1.1981885450923713,3.87,19.09,100.959485962674,0.10491933254048365,-7.435709037472438,0,1
1962-06-01,3.66398029838213,-1.184001969124504,3.91,16.83,100.802673742245,0.09266014397883958,-11.684394348309258,1,0
1962-07-01,5.00532887136349,0.39794343575800806,4.01,17.14,100.729913015337,0.09354265081843662,2.408772245191426,0,0
1962-08-01,5.00532887136349,2.4087181007409697,3.98,17.57,100.786078689428,0.09608769397744271,2.720730208881883,0,0
1962-09-01,5.00532887136349,5.691501243007835,3.98,17.32,100.922741021205,0.09523387304667937,-0.8885850991114164,0,0
1962-10-01,1.3219459740214212,-1.566547567765364,3.93,16.74,101.091140322382,0.09173907362644543,-3.155172413793106,0,0
1962-11-01,1.3219459740214212,0,3.92,17.85,101.254665009146,0.09805971124322206,6.889798824995541,0,0
1962-12-01,1.3219459740214212,0,3.86,18.59,101.369592680891,0.10230613444829163,4.330446369087282,0,0
1963-01-01,4.438439784909787,2.3958941795171107,3.83,19.26,101.370705813355,0.10465325766642217,3.863346104725407,0,0
1963-02-01,4.438439784909787,1.5883191854278333,3.92,19.47,101.205504468103,0.10603662381448738,1.321856747617578,0,0
1963-03-01,4.438439784909787,1.1875171484323044,3.93,19.29,100.982233539972,0.10563448249237539,-0.3792475728155331,0,0
1963-04-01,4.564612149886016,-1.173580676646535,3.97,20.15,100.841189823841,0.10918583823473368,4.705344906349929,0,0
1963-05-01,4.564612149886016,1.1875171484323044,3.93,20.51,100.884098662968,0.11137717704747266,2.006980802792313,0,0
1963-06-01,4.564612149886016,4.004819221184519,3.99,20.38,101.021263386642,0.11132953924719573,-0.042771599657831505,0,0
1963-07-01,9.08796149689417,3.1817064321358446,4.02,19.97,101.134821114916,0.10717766012252422,-1.4833832548851844,0,0
1963-08-01,9.08796149689417,2.371432422962827,4,20.47,101.147742677472,0.11014145526996917,2.7653105545099255,0,0
1963-09-01,9.08796149689417,-1.164470116714611,4.08,20.96,101.116439529209,0.11304318140909063,2.634544942237227,0,0
1963-10-01,2.64828475420138,1.178189784675343,4.11,20.89,101.130112551746,0.11167725380693583,0.24708304735758801,0,0
1963-11-01,2.64828475420138,1.1770341564336206,4.12,20.72,101.254325567071,0.11105028305435684,-0.5614131178967474,0,0
1963-12-01,2.64828475420138,3.9690591743535064,4.13,21.04,101.429602679062,0.11342053833849693,2.134398237400159,0,0
1964-01-01,8.703572750788723,2.356685079695442,4.17,21.63,101.570925828685,0.11413479999163957,3.074019145206952,0,0
1964-02-01,8.703572750788723,-1.1573572937313203,4.15,21.83,101.616168252516,0.11553815789866562,1.2295618051013646,0,0
1964-03-01,8.703572750788723,1.1709088932098988,4.22,22.17,101.608481903649,0.11764319475920468,1.8219408192272857,0,0
1964-04-01,4.426452762390598,0.38853764085273745,4.23,22.42,101.607190210544,0.11778851112610768,1.446700507614218,0,0
1964-05-01,4.426452762390598,1.169387525523491,4.2,22.57,101.651609607272,0.11893781108455606,0.9757317988491332,0,0
1964-06-01,4.426452762390598,1.168249091649587,4.17,22.3,101.71847640931,0.11823054957166475,-0.594648166501488,0,0
1964-07-01,6.397182066315876,0.3876590245603495,4.19,22.98,101.769643534085,0.12025472847314644,3.7138584247258244,0,0
1964-08-01,6.397182066315876,1.1667346233530163,4.19,22.65,101.777329816211,0.11849180166784437,-1.4659937515020371,0,0
1964-09-01,6.397182066315876,1.1656013464200088,4.2,22.89,101.765068999983,0.12052928264774267,1.7195121951219416,0,0
1964-10-01,1.241308387113027,1.5553806363251432,4.19,23.21,101.769318089217,0.1216803213450372,1.7264117012348645,0,0
1964-11-01,1.241308387113027,3.5261740035976485,4.15,23.23,101.821012782278,0.12252641904207401,0.695344725987046,0,0
1964-12-01,1.241308387113027,1.548856224253381,4.18,22.75,101.910613014812,0.1204040044800156,-1.7322097378277168,0,0
1965-01-01,10.03607889192919,1.1581020662993824,4.19,23.27,102.028524383952,0.11997938115604843,2.5726536445926707,0,0
1965-02-01,10.03607889192919,0,4.21,23.37,102.167614033058,0.12085707518912217,0.7315373896888078,0,0
1965-03-01,10.03607889192919,1.1569854891337439,4.21,23.25,102.297415399857,0.12096852839967122,0.09221902017291228,0,0
1965-04-01,5.149644490073868,2.7160853789601314,4.2,23.42,102.374178943285,0.12047532768823499,1.3129102844638973,0,0
1965-05-01,5.149644490073868,3.8918340733610224,4.21,23.71,102.360211165817,0.12226937883375719,1.4891440263726352,0,0
1965-06-01,5.149644490073868,5.069645224104691,4.21,22.39,102.296251445995,0.11646267894290672,-4.749103942652322,0,0
1965-07-01,9.19406773460858,-1.132954065044367,4.2,22.3,102.22771017601,0.11331561956592817,-0.15286923800565955,0,0
1965-08-01,9.19406773460858,-1.1340247184590813,4.25,22.67,102.180898854803,0.11542418956845045,1.86079378165116,0,0
1965-09-01,9.19406773460858,2.6951714247706704,4.29,23.37,102.143841718162,0.11928100431989942,3.3414267545381016,0,0
1965-10-01,9.539610596738136,1.1444797963940045,4.35,23.78,102.091154646671,0.1184027611332151,2.248825240545993,0,0
1965-11-01,9.539610596738136,3.8580545702497915,4.45,23.93,101.999169902245,0.11938739947943726,0.8316008316008316,0,0
1965-12-01,9.539610596738136,3.8456919572271486,4.62,23.69,101.876690786368,0.11884325723547239,-0.4557786218122639,0,0
1966-01-01,10.098261500143568,1.136172245298317,4.61,24.06,101.729768408653,0.1172753709154064,1.7333478687452164,0,0
1966-02-01,10.098261500143568,7.793497315157905,4.83,23.7,101.556972840025,0.116483649058605,-0.6750964423488992,0,0
1966-03-01,10.098261500143568,3.8054515164686276,4.87,22.61,101.369107514571,0.11169561687699657,-4.110475779479994,0,0
1966-04-01,1.3734849515772085,3.793423160773135,4.75,23.11,101.173386082297,0.11379150563802126,3.060306030603055,0,0
1966-05-01,1.3734849515772085,2.6334924425967188,4.78,21.85,100.972679017375,0.10780378667322583,-5.262008733624446,0,0
1966-06-01,1.3734849515772085,1.1185219620588827,4.81,21.56,100.772616334539,0.10690935562454269,-0.8296842590458597,0,0
1966-07-01,3.4308987067717345,2.6252624148023207,5.02,21.38,100.584902974136,0.1047291609222608,-0.25563560306762767,0,0
1966-08-01,3.4308987067717345,7.651928356652893,5.22,19.91,100.429989805091,0.09839709725512971,-6.046132339235788,0,0
1966-09-01,3.4308987067717345,3.7378934116640616,5.18,19.16,100.327395305445,0.09493215297484987,-3.5213887166769986,0,0
1966-10-01,3.322091089725032,3.7262876461452876,5.01,18.83,100.323410759482,0.09255948023645688,-0.8739236601979283,0,0
1966-11-01,3.322091089725032,1.1014116742087854,5.16,19.71,100.466486786787,0.09719165440620567,5.004537793335917,0,0
1966-12-01,3.322091089725032,1.4696616131093965,4.84,19.74,100.684009916297,0.09759966974758251,0.41980491418693866,0,0
1967-01-01,3.5896807667636477,-0.7266089845122226,4.58,20.43,100.893642501496,0.10003909165215538,3.836222796016231,0,0
1967-02-01,3.5896807667636477,3.709013486993773,4.63,21.07,101.040215534732,0.10348626461494723,3.4458259325044427,0,0
1967-03-01,3.5896807667636477,0,4.54,21.44,101.140512004522,0.10592653138585831,2.358058608058622,0,0
1967-04-01,0.24530916683311865,3.6975860736805144,4.59,21.69,101.215650534261,0.10713995451027877,1.722209796466112,0,0
1967-05-01,0.24530916683311865,0,4.85,21.95,101.269745584383,0.10905989872588734,1.791996481970104,0,0
1967-06-01,0.24530916683311865,7.496636771163345,5.02,21.55,101.29372559457,0.1076935580571107,-1.2528350793822196,0,0
1967-07-01,3.8385801679619025,3.6637224125997347,5.16,21.8,101.25948923359,0.10749705570638199,1.7280979984687805,0,0
1967-08-01,3.8385801679619025,3.652571929074777,5.28,22.03,101.144176687759,0.10920757761204207,1.591226749811847,0,0
1967-09-01,3.8385801679619025,3.6414891052261034,5.3,22.22,101.012657321883,0.11073317823060379,1.396973224679865,0,0
1967-10-01,3.0503658102797093,3.630473327152983,5.48,22.07,100.95299647188,0.10852707901511052,-0.15655985805239636,0,0
1967-11-01,3.0503658102797093,7.358780086178207,5.75,21.26,101.028129058761,0.10512355364353064,-3.136107045787162,0,0
1967-12-01,3.0503658102797093,3.5978222389799974,5.7,21.75,101.155674685427,0.10811865597052094,2.8491258363910976,0,0
1968-01-01,8.41095464599293,3.5870686514276606,5.53,21.51,101.221423765664,0.1045099611056679,-0.27282266526756915,0,0
1968-02-01,8.41095464599293,3.576379149011477,5.56,20.42,101.140410614683,0.09979249758353705,-4.513888888888895,0,0
1968-03-01,8.41095464599293,3.565753160623686,5.74,19.93,100.979783084757,0.09796709211809715,-1.8292011019283683,0,0
1968-04-01,6.852606815249307,3.555190121922891,5.64,21.28,100.829264591009,0.10239269476766587,7.385789650914809,0,0
1968-05-01,6.852606815249307,3.544689475231566,5.87,21.63,100.751230516147,0.10474728793677703,2.299571443503723,0,0
1968-06-01,6.852606815249307,7.182666340098187,5.72,22,100.720675579013,0.1075620970434872,2.6872381730867367,0,0
1968-07-01,3.136110185393437,7.139946708801315,5.5,21.75,100.703247909445,0.10548733994162963,-0.19900497512438386,0,0
1968-08-01,3.136110185393437,3.4931030576045075,5.42,21.14,100.685803985416,0.1031840769857755,-2.1834496510468537,0,0
1968-09-01,3.136110185393437,3.4829654128808007,5.46,21.68,100.693836302595,0.10653905818631187,3.251452451330139,0,0
1968-10-01,1.5825165678542197,7.056013441609688,5.58,22,100.778211926395,0.10722808177432518,2.4679170779861703,0,0
1968-11-01,1.5825165678542197,3.452902454840645,5.7,22.2,100.976434801492,0.10888092311188703,1.5414258188824803,0,0
1968-12-01,1.5825165678542197,6.994346712892052,6.03,22.28,101.197564756038,0.1100172515314608,1.0436432637570991,0,0
1969-01-01,6.408943264704581,3.4233539806342916,6.04,21.19,101.309115942373,0.10268418472280808,-4.225352112676051,0,0
1969-02-01,6.408943264704581,3.413616542984732,6.19,20.9,101.201048196967,0.10218083087612764,-0.4901960784313708,0,0
1969-03-01,6.408943264704581,10.532528054645285,6.3,20.2,100.959337169893,0.09996607395073373,-2.1674876847290636,0,0
1969-04-01,1.2215858043574501,6.854564238673233,6.17,20.43,100.680147791753,0.10039444213196963,2.0140986908358416,0,0
1969-05-01,1.2215858043574501,3.3563355825661167,6.32,20.97,100.417651020961,0.10366494222116508,3.257650542941759,0,0
1969-06-01,1.2215858043574501,6.79635269676595,6.57,19.71,100.169318943396,0.09825375116449625,-5.21988527724665,0,0
1969-07-01,2.668340643681577,6.758091005480682,6.72,18.68,99.9147109726818,0.09195538450186222,-4.4684284849707545,0,0
1969-08-01,2.668340643681577,3.3100495460305135,6.69,18.43,99.6400953572275,0.09144079941279046,-0.5596029986273732,0,0
1969-09-01,2.668340643681577,6.701499197098126,7.16,18.4,99.3693465804251,0.09176120144938232,0.3503928647271115,0,0
1969-10-01,-1.9365168851589232,6.664294778264068,7.1,18.45,99.1446666976238,0.09201009105646889,1.0686699820124712,0,0
1969-11-01,-1.9365168851589232,6.627501035503269,7.14,18.44,99.0034398331377,0.09267473681472856,0.7223618090452133,0,1
1969-12-01,-1.9365168851589232,6.591111208487055,7.65,17.33,98.9090177845676,0.08776213773193971,-5.300904271905205,0,1
1970-01-01,-0.5926182894955612,6.555118684412231,7.79,17.09,98.8217631793276,0.08591133942161339,-0.8780594885303472,0,1
1970-02-01,-0.5926182894955612,6.519516994000929,7.24,16.37,98.7232878139398,0.08291476407914763,-3.487985826597284,0,1
1970-03-01,-0.5926182894955612,6.484299807625926,7.07,16.53,98.6335235513142,0.08433219178082192,1.7094997705369597,0,1
1970-04-01,0.5688884650830728,6.44946093156713,7.39,15.87,98.5907626782152,0.08052465159854784,-3.0456852791878153,0,1
1970-05-01,0.5688884650830728,3.1617977952504095,7.91,13.98,98.6229871599647,0.07125892961705117,-11.506689936009307,1,0
1970-06-01,0.5688884650830728,6.397898725218587,7.84,13.8,98.6721945056186,0.07081859702541282,-0.6179332106231894,0,0
1970-07-01,3.737573349803025,3.1370033425340393,7.46,13.73,98.6586758848274,0.06971996917294548,0.17198042069055397,0,0
1970-08-01,3.737573349803025,3.1288247086566967,7.53,14.1,98.5283113821059,0.07174564181135648,2.905441098785011,0,0
1970-09-01,3.737573349803025,6.330417699760327,7.39,14.84,98.3625912162343,0.07603638476362702,5.98049281314168,0,0
1970-10-01,-4.218159917607133,6.297208038448376,7.33,15.06,98.2808831911237,0.07750264558041095,2.1675950593364135,0,0
1970-11-01,-4.218159917607133,6.264344894871576,6.84,14.95,98.3780558085161,0.07741997119256887,-0.10667298802892189,0,0
1970-12-01,-4.218159917607133,6.231822875236981,6.39,15.87,98.5780892412389,0.08272031805755607,6.846226862838156,0,0
1971-01-01,11.314630721844065,3.0570919303423594,6.24,16.46,98.7869321769821,0.08235872426344926,3.820099944475297,0,0
1971-02-01,11.314630721844065,0,6.11,17.03,98.9424978467435,0.08554771326584187,3.8720718793453957,0,0
1971-03-01,11.314630721844065,3.049324124991526,5.7,17.4,99.0558505502547,0.08774124437522243,2.564102564102555,0,0
1971-04-01,2.182079274252935,3.0415956913506736,5.83,17.92,99.1477561034927,0.08907946320542504,3.4136546184738936,0,0
1971-05-01,2.182079274252935,6.151975843556889,6.39,17.56,99.2274452524408,0.08786867438515711,-1.3592233009708798,0,0
1971-06-01,2.182079274252935,6.120606863475286,6.52,17.08,99.2928242371241,0.08624275796936877,-1.8503937007874005,0,0
1971-07-01,3.3328001864546986,3.003533753797183,6.73,16.89,99.3341287959449,0.08406393954189399,-0.7220216606498187,0,0
1971-08-01,3.3328001864546986,2.996035384730633,6.58,16.52,99.3518883356,0.08256946950559364,-1.7777777777777781,0,0
1971-09-01,3.3328001864546986,2.988574359378937,6.14,16.86,99.3989645255444,0.08440359182287134,2.221308103661057,0,0
1971-10-01,0.9464579568338571,2.9811503994838784,5.93,16.43,99.5584052769994,0.08173590288810272,-2.122736418511062,0,0
1971-11-01,0.9464579568338571,2.973763229543369,5.81,15.64,99.8919820703567,0.07794693257229078,-4.6356254496865095,0,0
1971-12-01,0.9464579568338571,2.966412576779187,5.93,16.6,100.276362722387,0.08331534062507089,6.8872601853847915,0,0
1972-01-01,7.56121796899254,2.959098171103447,5.95,17.26,100.543274624569,0.08394217822232732,4.1645658969446275,0,0
1972-02-01,7.56121796899254,5.983315385294774,6.08,17.46,100.568864122753,0.08548612922544854,1.8393030009680622,0,0
1972-03-01,7.56121796899254,0,6.07,17.81,100.48052464666,0.08751764370323963,2.3764258555132978,0,0
1972-04-01,9.392850930581353,2.937369775378662,6.19,17.92,100.447074977157,0.085914926849915,1.021355617455888,0,0
1972-05-01,9.392850930581353,2.9301977098223464,6.13,17.66,100.582866487802,0.08504630167036623,-1.0110294117646967,0,0
1972-06-01,9.392850930581353,2.923060580119796,6.11,17.64,100.797000579802,0.0852831994466068,0.278551532033422,0,0
1972-07-01,3.8314140053035795,2.915958131643559,6.11,17.4,100.947044968514,0.0830643299141617,-0.7407407407407418,0,0
1972-08-01,3.8314140053035795,2.908890112236251,6.21,17.94,100.914407388585,0.08600877444470101,3.5447761194029814,0,0
1972-09-01,3.8314140053035795,5.8807172073031655,6.55,17.61,100.743799002383,0.08476900832657919,-1.4414414414414378,0,0
1972-10-01,6.867960134723572,2.8878901432352944,6.48,17.53,100.478480300057,0.08247397855676557,0.1828153564899404,0,0
1972-11-01,6.867960134723572,5.837815541328517,6.28,18.34,100.133477805869,0.08661272748069085,5.018248175182483,0,0
1972-12-01,6.867960134723572,2.8671911889074586,6.36,18.65,99.7635111006466,0.08841872701113097,2.0851433536055675,0,0
1973-01-01,10.27283415353537,5.7955351452952275,6.46,18.71,99.4219849202248,0.08595343704854481,0.7659574468085184,0,0
1973-02-01,10.27283415353537,8.764449650952288,6.64,17.89,99.1449454635958,0.08290441309918765,-3.5472972972973027,0,0
1973-03-01,10.27283415353537,11.751995587629072,6.71,17.41,98.9065961775808,0.08159768854946316,-1.5761821366024442,0,0
1973-04-01,4.426233169425164,8.61767179040347,6.67,16.94,98.6813996069278,0.07801189203946285,-1.8683274021352392,0,0
1973-05-01,4.426233169425164,5.632364016134628,6.85,16.31,98.4674890724792,0.07581935472919689,-2.810516772438798,0,0
1973-06-01,4.426233169425164,8.515803203381655,6.9,15.81,98.2969276352945,0.07412190648899099,-2.23880597014926,0,0
1973-07-01,-2.087074112622145,0,7.13,15.89,98.2302945419149,0.07378797325778784,0.9541984732824416,0,0
1973-08-01,-2.087074112622145,24.0174887824401,7.4,15.28,98.307922573681,0.07239311554024931,-1.8903591682419618,0,0
1973-09-01,-2.087074112622145,5.4656545687868485,7.09,15.48,98.3972070509294,0.07364848748603399,1.7341040462427681,0,0
1973-10-01,3.8513063697291017,11.151900877294342,6.79,15.91,98.3123694810963,0.07437568118437514,3.9772727272727293,0,0
1973-11-01,3.8513063697291017,8.186759957358891,6.73,14.65,97.9225647613396,0.06909216284887308,-7.103825136612018,0,0
1973-12-01,3.8513063697291017,10.973597681735425,6.74,13.49,97.434110428242,0.0642015215178058,-7.078431372549021,0,0
1974-01-01,-3.3949622363956267,13.757056146585157,6.99,13.53,97.1354785566586,0.0644510595094316,1.4032496307237796,0,1
1974-02-01,-3.3949622363956267,13.601339419201386,6.96,12.96,97.2409372719053,0.06266727199205477,-2.767662053896569,0,1
1974-03-01,-3.3949622363956267,13.449104061264405,7.21,13.31,97.5443698004333,0.06534295326812002,4.269662921348316,0,1
1974-04-01,0.9541031713587111,7.796871569183272,7.51,12.55,97.7656233769574,0.060429160762743316,-5.110837438423655,0,1
1974-05-01,0.9541031713587111,13.212482771754953,7.58,12,97.6988843396191,0.058605698092095974,-3.0175210902011584,0,1
1974-06-01,0.9541031713587111,10.336125434125165,7.54,11.89,97.4432321758383,0.058684126594059305,0.13382402141184357,0,1
1974-07-01,-3.727275388678608,7.599454847769249,7.81,10.39,97.1316194625454,0.05083889627480567,-11.67167836061923,1,0
1974-08-01,-3.727275388678608,15.622809003488559,8.04,9.82,96.8487649341736,0.048736367214392576,-4.1356701550876345,0,0
1974-09-01,-3.727275388678608,18.195149579012448,8.04,8.68,96.6050070988456,0.04366593890101832,-10.403787978429557,0,0
1974-10-01,-1.5435492241008708,9.909671817819742,7.9,8.74,96.4042211602151,0.04340870887221748,1.9377568995889494,0,0
1974-11-01,-1.5435492241008708,12.420272928946186,7.68,8.95,96.2726392449475,0.04484649732852653,3.312211981566815,0,0
1974-12-01,-1.5435492241008708,9.729031418795175,7.43,8.29,96.2446987348191,0.04192716163680338,-6.509618065235578,0,0
1975-01-01,-4.781012165221665,9.650842324952592,7.5,8.92,96.411281028701,0.044897767239480336,8.185477858953337,0,0
1975-02-01,-4.781012165221665,7.104733132882979,7.39,9.76,96.8643088980866,0.04956327392340649,10.391400220507151,0,0
1975-03-01,-4.781012165221665,4.6593758793923135,7.73,10.16,97.4468210399259,0.05184033819354551,4.5942571785268616,0,0
1975-04-01,2.888955414800165,4.641357436353699,8.23,10.23,97.9666894374618,0.05128785672817133,1.1219861542134169,0,0
1975-05-01,2.888955414800165,2.2877952516427547,8.06,10.82,98.2808524472973,0.05454480513701884,6.350330500472134,0,0
1975-06-01,2.888955414800165,9.423633373441165,7.86,11.01,98.4421916320818,0.055937180850838424,2.5527192008879096,0,0
1975-07-01,7.024430940314885,11.80976472702644,8.06,10.9,98.5125767225859,0.05409341334175527,0.09740259740258495,0,0
1975-08-01,7.024430940314885,4.536106509397131,8.4,10.09,98.5287344035113,0.0501280836579289,-7.3305222186182295,0,0
1975-09-01,7.024430940314885,9.224552485742787,8.43,9.92,98.5590711948979,0.04951983249698799,-1.2133940030334744,0,0
1975-10-01,5.495794786404473,6.79635269676595,8.14,10.33,98.6831292898612,0.05027156407169586,4.606117869375215,0,0
1975-11-01,5.495794786404473,9.10218347317544,8.05,10.44,98.9568632805545,0.051122951066248694,1.693575702833927,0,0
1975-12-01,5.495794786404473,6.70774034348578,8,10.25,99.2841955818688,0.05034535094455712,-1.521039191739748,0,0
1976-01-01,9.303033568824205,4.402978376989575,7.74,11.19,99.5380658004797,0.05320554335186134,9.199549041713627,0,0
1976-02-01,9.303033568824205,2.1718618271799217,7.79,11.59,99.6278817932735,0.05525993868673602,3.861243031179007,0,0
1976-03-01,9.303033568824205,2.167938258188107,7.73,11.63,99.6404328084768,0.055534590469473274,0.497017892644136,0,0
1976-04-01,2.9672390618527444,2.1640288393194984,7.56,11.69,99.6930492302274,0.055011736556945516,0.791295746785381,0,0
1976-05-01,2.9672390618527444,6.609256049237322,7.9,11.53,99.86402729942,0.05463383453938063,-0.6869479882237517,0,0
1976-06-01,2.9672390618527444,6.573065691229907,7.86,11.54,100.082988429321,0.05495775055443624,0.5928853754940677,0,0
1976-07-01,2.2130137282506457,6.537269383829036,7.83,11.76,100.240635969531,0.055232863235585655,2.3575638506876384,0,0
1976-08-01,2.2130137282506457,6.501860728058628,7.77,11.6,100.250528910552,0.0547558039561996,-0.8637236084452993,0,0
1976-09-01,2.2130137282506457,6.466833462706023,7.59,11.81,100.172169176733,0.05592194886136551,2.1297192642788065,0,0
1976-10-01,2.9310617591447485,6.432181460634867,7.41,11.35,100.082673677328,0.052681291627396966,-3.4123222748815074,0,0
1976-11-01,2.9310617591447485,4.224740851970377,7.29,11.25,100.036699032394,0.05231939855439227,-0.6869479882237517,0,0
1976-12-01,2.9310617591447485,6.375245812734298,6.87,11.6,100.03750206427,0.05412886391941572,3.458498023715406,0,0
1977-01-01,4.8103854665370704,6.341565539468608,7.21,11.44,100.087300923849,0.0521962660058492,-0.8595988538682042,0,0
1977-02-01,4.8103854665370704,12.979358741634472,7.39,11.01,100.190858541357,0.05078827424461242,-2.6974951830443183,0,0
1977-03-01,4.8103854665370704,6.24262597412506,7.46,10.9,100.310070248106,0.050587132564435734,-0.3960396039603964,0,0
1977-04-01,8.00616372028189,8.357727344123367,7.37,10.64,100.396387093572,0.04817820243989398,-1.5407554671968193,0,0
1977-05-01,8.00616372028189,4.07415429197906,7.46,10.55,100.40758507454,0.04803714561296244,-0.29278142352346936,0,0
1977-06-01,8.00616372028189,6.146725376411499,7.28,10.53,100.357429224229,0.048294939124251125,0.5366545159983804,0,0
1977-07-01,7.415104674432693,6.1154097664519735,7.33,10.57,100.251837850016,0.04729821904739877,0.916507201128014,0,0
1977-08-01,7.415104674432693,6.084411536271861,7.4,10.27,100.086400602458,0.046141725667497295,-2.4451097804391253,0,0
1977-09-01,7.415104674432693,3.9994808355953593,7.34,10.07,99.8993320681984,0.04542422773384414,-1.5549872122762154,0,0
1977-10-01,0.00874897987483969,6.0334401162494,7.52,9.77,99.7351308563222,0.04331252570150674,-2.587550659877391,0,0
1977-11-01,0.00874897987483969,8.076613517952168,7.58,9.77,99.6298699700929,0.043562032463602046,0.5760614465543101,0,0
1977-12-01,0.00874897987483969,5.96349785709569,7.69,9.68,99.5736198576223,0.0433494896662616,-0.4879083580823118,0,0
1978-01-01,1.2828361446133085,7.982637264843229,7.96,9.24,99.5367526261516,0.04097132688082224,-3.8051588147516413,0,0
1978-02-01,1.2828361446133085,5.895158194584993,8.03,9.05,99.4472354825742,0.040394777461003464,-1.4072022160664721,0,0
1978-03-01,1.2828361446133085,7.890821806073167,8.04,8.95,99.2932951915295,0.040322141313624715,-0.17981568891887179,0,0
1978-04-01,16.376253346312986,9.885200089077962,8.15,9.26,99.2918918909285,0.03976183215797684,4.379644224273815,0,0
1978-05-01,16.376253346312986,11.86810405987444,8.35,9.63,99.3188898901412,0.04177758678145317,5.069571782979176,0,0
1978-06-01,16.376253346312986,9.709365689948601,8.46,9.55,99.2789254396888,0.04188480777206362,0.25664716148239286,0,0
1978-07-01,4.083164053580068,9.631490895747486,8.64,9.43,99.2494815212517,0.0405794777819113,-0.48126151955765195,0,0
1978-08-01,4.083164053580068,7.579463774211748,8.41,10.02,99.139228383706,0.04338108593003997,6.904002469389869,0,0
1978-09-01,4.083164053580068,11.48970556073663,8.42,9.94,99.0332941493529,0.04338108593003997,0,0,0
1978-10-01,5.485963954808248,11.380842438791694,8.64,9.53,98.777140138478,0.040614481767690815,-3.1761308950914446,0,0
1978-11-01,5.485963954808248,7.392766931278105,8.81,8.93,98.345684010197,0.038236556344115276,-5.854870775347909,0,0
1978-12-01,5.485963954808248,7.347520447311662,9.01,9.01,97.9546998747597,0.0388017678200076,1.4781966001478297,0,0
1979-01-01,0.7210763043891122,11.134670584535789,9.1,9.26,97.9264182728697,0.039463945761316545,3.745708042867535,0,0
1979-02-01,0.7210763043891122,12.976021180678199,9.1,9,97.9093196772261,0.03887818064521236,-1.4843044830006868,0,0
1979-03-01,0.7210763043891122,12.837375287269248,9.12,9.07,97.6959828138934,0.03961830278515481,1.9036954087345848,0,0
1979-04-01,0.4284026926106188,12.7016576100496,9.18,9.13,97.4770532737892,0.039401878709362716,1.998001998001997,0,0
1979-05-01,0.4284026926106188,14.478025110649329,9.25,8.79,97.3308108831606,0.038487261152641956,-2.3212536728697275,0,0
1979-06-01,0.4284026926106188,14.305684717698064,8.91,8.85,97.1262725558954,0.03924751287700478,1.975333400180479,0,0
1979-07-01,3.0047699201142475,14.137393514437079,8.95,8.83,96.9457830359691,0.03849953047067269,0.9832841691248762,0,0
1979-08-01,3.0047699201142475,12.133540008736343,9.03,9.13,96.9868859822425,0.040261436928434736,4.576436222005853,0,0
1979-09-01,3.0047699201142475,12.012211624505543,9.33,9.11,97.0322034408561,0.04071128538573568,1.1173184357541777,0,0
1979-10-01,1.0040526181473997,13.69434409240271,10.3,8.68,96.9478701572672,0.03836434971692984,-3.7753222836095723,0,0
1979-11-01,1.0040526181473997,13.540034086070518,10.65,8.52,96.9277239147806,0.038070651345891146,-0.7655502392344471,0,0
1979-12-01,1.0040526181473997,15.173607527616184,10.39,8.75,96.9723043332013,0.039575855497464466,3.9537126325940086,0,0
1980-01-01,1.2640087691029311,18.58210479527498,10.8,8.85,97.0669124552175,0.039751355094661274,2.87569573283859,0,0
1980-02-01,1.2640087691029311,16.51715266188518,12.41,9.05,96.8343630855128,0.041328505341879575,3.9675383228133354,0,0
1980-03-01,1.2640087691029311,18.04975702313778,12.75,8.08,96.2299433882299,0.037529007019035485,-9.193408499566347,0,0
1980-04-01,-7.99065409585944,12.665790016915214,11.47,7.84,95.7608028113511,0.036820535992610155,-1.623686723973261,0,0
1980-05-01,-7.99065409585944,12.533653553300606,10.18,8.1,95.7217904702147,0.03850069637285548,4.563106796116512,0,0
1980-06-01,-7.99065409585944,12.40424275572285,9.78,8.51,96.1645368020562,0.040967314803428384,6.406685236768794,0,0
1980-07-01,-0.47454773939662465,1.464281710979165,10.25,8.88,96.804871453898,0.04193968597047488,4.537521815008727,0,0
1980-08-01,-0.47454773939662465,9.073524724919668,11.1,9.07,97.5012381234348,0.04323498511981342,3.088480801335569,0,0
1980-09-01,-0.47454773939662465,10.576697337692863,11.51,9.2,98.088099938881,0.04428522767333115,2.429149797570851,0,0
1980-10-01,7.670983791264052,12.061748381506021,11.75,9.36,98.3375450556666,0.04360995284966926,2.924901185770734,0,0
1980-11-01,7.670983791264052,13.523102658944563,12.68,9.65,98.2146293417711,0.04545215515898708,4.224270353302617,0,0
1980-12-01,7.670983791264052,11.80976472702675,12.84,9.39,97.7990040501582,0.04471527423525996,-1.6212232866617438,0,0
1981-01-01,8.07114017939452,11.694788330501327,12.57,9.26,97.6315421031909,0.04257081639302914,-0.3745318352059934,0,0
1981-02-01,8.07114017939452,11.582027017510699,13.19,8.83,97.5245110546341,0.04109844229221761,-3.45864661654135,0,0
1981-03-01,8.07114017939452,8.49571765477657,13.12,9.08,97.6370367640242,0.04263483265828181,3.738317757009324,0,0
1981-04-01,-2.931522706178158,6.9862057981324055,13.68,9.09,97.9899594056159,0.04249759370023766,0.9009009009009139,0,0
1981-05-01,-2.931522706178158,8.38691821438433,14.1,8.82,98.3006699776933,0.04164384739822395,-2.008928571428581,0,0
1981-06-01,-2.931522706178158,11.243241170996864,13.47,8.77,98.4065949351338,0.04183356879867144,0.4555808656036664,0,0
1981-07-01,4.876830376174812,14.095936746254578,14.28,8.45,98.4677039849933,0.039593830477680704,-2.4187452758881456,0,0
1981-08-01,4.876830376174812,9.576626001635113,14.94,8.4,98.4394828786761,0.039747176064348716,0.3872966692486379,0,0
1981-09-01,4.876830376174812,12.363463932161878,15.32,7.58,98.143418815322,0.036281565805651644,-8.719135802469136,0,0
1981-10-01,-4.287473838330502,3.9360823495899755,15.15,7.65,97.7031643531881,0.03651528368839722,1.2679628064243387,0,0
1981-11-01,-4.287473838330502,5.261982631932716,13.39,7.81,97.3010642146922,0.037460169994190474,2.5876460767946696,0,0
1981-12-01,-4.287473838330502,3.9061900095073154,13.72,7.83,97.2499452794549,0.03773449182490464,0.7323026851098424,0,0
1982-01-01,-6.070846862568802,3.893517528427126,14.59,7.39,97.3687799874709,0.035824429145509484,-5.250403877221322,0,0
1982-02-01,-6.070846862568802,3.880926996063705,14.43,7.18,97.270675290191,0.03496928505678462,-2.3870417732310245,0,0
1982-03-01,-6.070846862568802,0,13.86,6.95,97.1257207792588,0.03383927322525533,-3.231441048034933,0,0
1982-04-01,1.8373111963559952,3.868417620167608,13.87,7.26,97.1669183441805,0.034904254897700215,4.963898916967513,0,0
1982-05-01,1.8373111963559952,11.979886400106166,13.62,7.19,97.2429616436468,0.03493426715470598,0.08598452278589797,0,0
1982-06-01,1.8373111963559952,14.666755722646418,14.3,6.69,97.2376191269745,0.032923445935319984,-5.756013745704469,0,0
1982-07-01,-1.520434364362977,6.363979386883134,13.95,6.64,97.2568796411339,0.032498376566472253,-0.27347310847766204,0,0
1982-08-01,-1.520434364362977,2.4895004325550696,13.06,6.64,97.3974249315768,0.03258749460093241,0.2742230347349217,0,0
1982-09-01,-1.520434364362977,0,12.34,7.4,97.6878907921034,0.03636015805974592,11.57702825888789,0,0
1982-10-01,0.15986560092400293,5.025153252970949,10.91,8,97.9483217744194,0.03900003556144915,8.415032679738555,0,0
1982-11-01,0.15986560092400293,-1.2164067067800266,10.55,8.35,98.0129236952711,0.04058707544111626,4.0693293142426645,0,0
1982-12-01,0.15986560092400293,-3.612246947106601,10.54,8.47,98.0091699124417,0.04096914059733242,0.9413468501086264,0,0
1983-01-01,5.376540169303401,2.4843467047607204,10.46,8.76,98.1221266146788,0.04154415268210259,3.5150645624103305,0,0
1983-02-01,5.376540169303401,1.232650234746746,10.72,8.91,98.5718877138744,0.04226390584707319,1.7325017325017233,0,0
1983-03-01,5.376540169303401,1.2313853608962422,10.51,9.23,99.3032264629572,0.04373220230361319,3.474114441416898,0,0
1983-04-01,9.41786472698829,8.906862466866915,10.4,9.53,100.088531060334,0.04406445873085417,3.818301514154032,0,0
1983-05-01,9.41786472698829,4.967953670151615,10.38,9.87,100.612351510937,0.04585274367617736,4.05833861762841,0,0
1983-06-01,9.41786472698829,2.4463634751223484,10.85,10,100.778328990793,0.04649540857840288,1.4015843997562616,0,0
1983-07-01,8.239263273820407,4.937299255699856,11.38,10.01,100.73807210006,0.045267524291990165,0.36057692307691624,0,0
1983-08-01,8.239263273820407,3.667454383111468,11.85,9.73,100.580425484599,0.0440206344013126,-2.754491017964067,0,0
1983-09-01,8.239263273820407,3.656281208643186,11.65,9.98,100.45068339865,0.04532173689593267,2.9556650246305383,0,0
1983-10-01,8.609666868991761,4.887040525325337,11.54,10,100.458206859133,0.044193146978975445,0.29904306220096544,0,0
1983-11-01,8.609666868991761,3.630473327152983,11.69,9.85,100.674571278343,0.043534334412204785,-1.490757304710788,0,0
1983-12-01,8.609666868991761,3.619523988359985,11.83,9.82,101.047086331521,0.04332351439083818,-0.4842615012106477,0,0
1984-01-01,8.051348390452805,8.605906550883358,11.67,9.89,101.41930155349,0.042578736117771146,1.2165450121654597,0,0
1984-02-01,8.051348390452805,6.037486389751634,11.84,9.32,101.566434090539,0.04025021148633054,-5.46875,0,0
1984-03-01,8.051348390452805,3.5657531606239523,12.32,9.33,101.599560752612,0.04027579966909362,0.06357279084552303,0,0
1984-04-01,7.0923511810991435,4.765758372911977,12.63,9.31,101.463180452494,0.039305656597751246,0.12706480304953693,0,0
1984-05-01,7.0923511810991435,2.34823067434089,13.41,9.23,101.375827575424,0.03905625522340003,-0.6345177664974666,0,0
1984-06-01,7.0923511810991435,2.3436446964369306,13.56,9.01,101.321639458303,0.03818335041317079,-2.2349936143039595,0,0
1984-07-01,3.912380888268485,4.728209219062007,13.36,8.87,101.400898173259,0.036995776458346084,-1.3063357282821708,0,0
1984-08-01,3.912380888268485,3.5135564083844217,12.72,9.62,101.542073066327,0.04025218828426272,8.80211780277962,0,0
1984-09-01,3.912380888268485,3.5032998828772532,12.52,9.69,101.567315941064,0.040668421374793415,1.0340632603406341,0,0
1984-10-01,3.324101889413411,4.682096594233887,12.16,9.6,101.380272298599,0.039724713520455694,-0.7826610475616946,0,0
1984-11-01,3.324101889413411,2.3075917718264005,11.57,9.69,101.177708478736,0.0400862855488579,0.9101941747572839,0,0
1984-12-01,3.324101889413411,2.303162995570851,11.5,9.6,101.03122081749,0.03965239911477525,-1.0823812387252052,0,0
1985-01-01,3.933059903674896,2.2987511856265685,11.38,10,101.010842794997,0.04056576476395264,4.316109422492387,0,0
1985-02-01,3.933059903674896,7.028472334501212,11.51,10.49,100.963068227672,0.04276425900815287,5.4195804195804165,0,0
1985-03-01,3.933059903674896,5.792738211517534,11.86,10.37,100.939172095763,0.04240966316231413,-0.8291873963515717,0,0
1985-04-01,3.5686070418164295,2.270481324651641,11.43,10.4,100.940317868214,0.04205000038417775,0.6688963210702337,0,0
1985-05-01,3.5686070418164295,2.2661937110823205,10.85,10.61,100.941453634571,0.04305119086951532,2.3809523809523947,0,0
1985-06-01,3.5686070418164295,3.410383027564423,10.16,10.81,101.008601340453,0.04398253085587584,2.1633315305570555,0,0
1985-07-01,6.249853836297725,2.2555451883769617,10.31,11,100.929256552105,0.04388191502044897,1.9057702488088912,0,0
1985-08-01,6.249853836297725,2.25131374569687,10.33,10.74,100.763734680775,0.04292449142000281,-2.1818181818181737,0,0
1985-09-01,6.249853836297725,2.247098149169857,10.37,10.47,100.595529637946,0.04196706781955665,-2.230483271375472,0,0
1985-10-01,3.0064816624791435,4.531824531431372,10.24,10.55,100.48628458147,0.041898303681245266,1.1406844106463865,0,0
1985-11-01,3.0064816624791435,5.672289525834651,9.78,11.16,100.604518622424,0.044441004173179054,6.068743286788414,0,0
1985-12-01,3.0064816624791435,5.645609938049789,9.26,11.69,100.847972404574,0.04664617805113933,4.962025316455709,0,0
1986-01-01,3.78662747747629,4.472714476654649,9.19,11.72,101.054360196535,0.04618564677873969,0.4341534008682979,0,0
1986-02-01,3.78662747747629,-2.162077603640866,8.7,12.39,101.152699469362,0.04867017724906575,5.379442843419802,0,0
1986-03-01,3.78662747747629,-6.36947120141762,7.78,13.19,101.18063367511,0.051531823951494866,5.879671832269828,0,0
1986-04-01,1.8137431236250112,-4.311990172976666,7.3,13.55,101.225571309981,0.05236131950525153,2.453723633232885,0,0
1986-05-01,1.8137431236250112,3.3626050332599577,7.71,13.56,101.291476145975,0.05247132227732139,0.21008403361344463,0,0
1986-06-01,1.8137431236250112,4.493647396500267,7.8,13.89,101.398683494595,0.05396735997747143,2.8511530398322993,0,0
1986-07-01,3.8834356344724874,1.1024235159275086,7.3,13.62,101.333763136304,0.05213048072680568,-2.079086832450072,0,0
1986-08-01,3.8834356344724874,1.1014116742087854,7.17,13.89,101.134487011519,0.05317222222342794,1.9983347210657865,0,0
1986-09-01,3.8834356344724874,4.468551270302812,7.45,13.47,100.944198453704,0.051718124717726036,-2.73469387755102,0,0
1986-10-01,2.165672016850295,2.203769137565126,7.43,13.43,100.842623845067,0.05097016141481488,-0.3776751993285754,0,0
1986-11-01,2.165672016850295,2.1997295493827673,7.25,13.87,100.64137781463,0.05262336378589354,3.243470935130577,0,0
1986-12-01,2.165672016850295,4.435522523352309,7.11,14.09,100.472437323885,0.05337481940911112,1.427988576091388,0,0
1987-01-01,3.014168422221686,6.695269650028135,7.08,14.92,100.436690993592,0.05601255019952751,6.395816572807722,0,0
1987-02-01,3.014168422221686,4.394916811889171,7.25,15.82,100.470212352054,0.059485540079573816,6.200378071833645,0,0
1987-03-01,3.014168422221686,4.378881906633336,7.25,16.43,100.551078954634,0.06194204511667976,4.129583481666077,0,0
1987-04-01,4.385936588729034,5.480628661473141,8.02,16.2,100.639532134642,0.060193584899379135,-1.0940170940170857,0,1
1987-05-01,4.385936588729034,3.2415055740415255,8.61,16.16,100.676067072706,0.06015197163639996,-0.06913238852401804,0,1
1987-06-01,4.385936588729034,5.440878713554453,8.4,16.83,100.756168523254,0.06271118730961932,4.254583189207861,0,1
1987-07-01,3.5158749981370585,3.218324806336792,8.45,17.31,100.870065305932,0.06348582419483453,2.8865295288653003,0,1
1987-08-01,3.5158749981370585,5.4017010836407975,8.76,18.33,100.875266636351,0.06743705414311027,6.223798774588829,0,1
1987-09-01,3.5158749981370585,4.281255219398217,9.42,17.68,100.67217314056,0.06524647588163097,-3.2483302975106265,0,1
1987-10-01,7.047140122778495,3.184168649760011,9.52,15.53,100.290991641892,0.05595054626662892,-12.080326325698154,1,0
1987-11-01,7.047140122778495,4.254694883342935,8.86,13.59,99.9895530941615,0.048921783851977464,-12.562455389007843,1,0
1987-12-01,7.047140122778495,2.09966172169751,8.99,13.39,100.06863793137,0.048123060850312524,-1.6326530612244872,0,0
1988-01-01,2.0825746014053514,4.232189754999038,8.67,13.9,100.357529005307,0.04937544497032743,3.9419087136929543,0,0
1988-02-01,2.0825746014053514,2.0886982122100273,8.21,14.3,100.621826225356,0.050873462462441156,3.0339321357285565,0,0
1988-03-01,2.0825746014053514,3.1424795587864374,8.37,14.67,100.800933297541,0.05237147995455487,2.944595118171245,0,0
1988-04-01,5.359954204699791,7.453418312381532,8.72,14.43,100.849036067078,0.05059695154330336,-1.166729394053434,0,0
1988-05-01,5.359954204699791,3.115288003453265,9.09,14.03,100.950778805927,0.04934455175262754,-2.4752475247524774,0,0
1988-06-01,5.359954204699791,5.227605604120478,8.92,14.77,101.025740302221,0.05215763435937631,5.70089808668488,0,0
1988-07-01,2.364394421908167,5.20493599446199,9.06,14.61,101.100431153103,0.050938558558046965,-0.5910602142593202,0,0
1988-08-01,2.364394421908167,5.182462109920638,9.26,14.24,101.220172823104,0.049916380125444006,-2.006688963210712,0,0
1988-09-01,2.364394421908167,5.160181427114452,8.98,14.37,101.203334004047,0.05073033702547969,1.630640879787637,0,0
1988-10-01,5.4374655151882,4.091516019805819,8.8,14.81,101.047966758028,0.05137504169360584,3.5074626865671643,0,0
1988-11-01,5.4374655151882,4.077614841563104,8.96,14.45,100.935485891146,0.05018974873456086,-2.307137707281892,0,0
1988-12-01,5.4374655151882,4.063807791579488,9.11,14.7,100.964933949141,0.051208359871240144,2.029520295202958,0,0
1989-01-01,4.128840125387523,5.085839200544351,9.09,15.09,101.120708185696,0.05178495706874643,3.2188065099457486,0,0
1989-02-01,4.128840125387523,4.033081171580166,9.17,15.47,101.098358605875,0.05334540076458112,3.0133146461107208,0,0
1989-03-01,4.128840125387523,6.084411536271861,9.36,15.3,100.938380449047,0.05310951974079216,-0.4421768707483009,0,0
1989-04-01,3.0882094696009332,9.204909754627355,9.18,15.69,100.71957763559,0.05386227045060253,3.279808677827134,0,0
1989-05-01,3.0882094696009332,6.008273238322448,8.86,16.19,100.57428702515,0.05592909922078773,3.8372477671187344,0,0
1989-06-01,3.0882094696009332,3.9501169884623044,8.28,16.64,100.538716761004,0.057675213181806274,3.1220133800573535,0,0
1989-07-01,2.996620085685864,3.937158395972884,8.02,17.01,100.592961317904,0.05827545732363071,2.5332097621254324,0,0
1989-08-01,2.996620085685864,0,8.11,17.73,100.683412320897,0.06085650349011872,4.429044893040079,0,0
1989-09-01,2.996620085685864,2.9301977098223464,8.19,17.71,100.852746222975,0.06097941045042768,0.20196191575303502,0,0
1989-10-01,0.7905198157311943,5.924253934442381,8.01,17.64,100.833646614284,0.06044643713144246,0.028793550244743393,0,0
1989-11-01,0.7905198157311943,4.89102354598534,7.87,17.24,100.695355930179,0.05919366123234521,-2.072538860103623,0,0
1989-12-01,0.7905198157311943,3.8798814591997965,7.84,17.65,100.612745598745,0.06065523311462535,2.4691358024691468,0,0
1990-01-01,4.4433362054102865,12.016503026639569,8.21,17.05,100.609823365164,0.057889887464047635,-2.475616752725185,0,0
1990-02-01,4.4433362054102865,4.8087203468488715,8.47,16.51,100.589705841846,0.05626882758035868,-2.8002470806247737,0,0
1990-03-01,4.4433362054102865,5.7723095401308155,8.59,16.83,100.666526875132,0.05763276557073142,2.4239673172945952,0,0
1990-04-01,1.4595541568660053,2.835576051007882,8.79,16.81,100.724974482245,0.05674134416818176,-0.08272764876202654,0,0
1990-05-01,1.4595541568660053,1.877879977328245,8.76,17.39,100.58033983385,0.05876650243925028,3.569105210243073,0,0
1990-06-01,1.4595541568660053,7.69484255500692,8.48,17.82,100.262215225382,0.06046783672828382,2.8950749464668135,0,0
1990-07-01,0.26635733196778144,5.685724080601351,8.47,17.75,99.724867029725,0.05985420730040784,-0.09989178390077402,0,0
1990-08-01,0.26635733196778144,10.59730166294428,8.75,16.17,98.862693063214,0.05498647075135376,-8.132655612032325,0,0
1990-09-01,0.26635733196778144,8.522519496641113,8.89,15.3,98.0344113359673,0.05243622899375507,-4.637944066515487,0,0
1990-10-01,-3.592091329038194,8.462451357989952,8.72,14.82,97.3724194700853,0.05114632074398645,-2.6283250372531097,0,0
1990-11-01,-3.592091329038194,2.7322812761045423,8.39,15.19,97.1373363952095,0.05250691412923772,2.660197968220901,0,0
1990-12-01,-3.592091329038194,4.581123444585766,8.08,15.85,97.2088035805078,0.05474847924129183,4.269085603729894,0,0
1991-01-01,-1.858283512850445,4.563703917168183,8.09,15.61,97.5969164613688,0.05393212925948498,-0.9916349809885872,0,0
1991-02-01,-1.858283512850445,0.8945151616340574,7.85,17.36,98.30496002748,0.06002474160662701,11.29681403422531,0,0
1991-03-01,-1.858283512850445,0,8.11,17.82,99.1123687311877,0.06168500746788247,2.765969193397,0,0
1991-04-01,3.155542995943872,2.703556245118288,8.04,18.16,99.3404229530739,0.061969732629851955,1.9877511550445925,0,0
1991-05-01,3.155542995943872,4.532680280271428,8.07,18.03,99.3214243394178,0.06169389811619717,-0.44511167298777465,0,0
1991-06-01,3.155542995943872,3.5978222389799974,8.28,18.01,99.3942343061536,0.06174286282276311,0.07936717902590207,0,0
1991-07-01,2.036557575941389,1.7790494382432076,8.27,18.1,99.4626920661628,0.06126874958608185,0.5128340691004318,0,0
1991-08-01,2.036557575941389,3.5817159254315722,7.9,18.51,99.4228635848765,0.06274636690639947,2.411698182678901,0,0
1991-09-01,2.036557575941389,3.571058250992909,7.65,18.36,99.199859382863,0.06239186765834071,-0.5649717514124242,0,0
1991-10-01,1.4012987063876103,1.7659592360343312,7.53,18.35,98.6692280091925,0.06175712821691617,-0.08264462809917106,0,0
1991-11-01,1.4012987063876103,5.375894544748849,7.42,18.29,98.011554696697,0.06160388472258139,-0.2481389578163684,0,0
1991-12-01,1.4012987063876103,3.5394623764140487,7.09,18.44,97.6245988053814,0.062017322900005424,0.671123548922048,0,0
1992-01-01,4.874870761533501,0.8717707850709688,7.03,19.77,97.5702981650487,0.06538949084896015,7.096342436488112,0,0
1992-02-01,4.874870761533501,2.634318284175796,7.34,19.58,97.8432899586933,0.06483630153972073,-0.8459911555470101,0,0
1992-03-01,4.874870761533501,4.415938567941402,7.54,19.28,98.3330952455615,0.06401909006016249,-1.2604227263913081,0,0
1992-04-01,4.408474105606208,2.618987477939272,7.48,19.3,98.7221999567272,0.06296166309908122,0.012274155538105624,0,0
1992-05-01,4.408474105606208,2.613284326937726,7.39,19.66,98.9437296716006,0.06410526857497331,1.8163520777594977,0,0
1992-06-01,4.408474105606208,3.490563118414447,7.26,19.31,98.9502582506586,0.06309456860033352,-1.5766254429739002,0,0
1992-07-01,4.012075647184332,3.4804401883338,6.84,19.62,98.7554670270649,0.06320583080451635,1.6606657359100607,0,0
1992-08-01,4.012075647184332,2.592583586269903,6.59,19.72,98.5855295715076,0.06364441119896763,0.6938923021322818,0,0
1992-09-01,4.012075647184332,2.586994721919167,6.42,19.71,98.573843993456,0.0637281678715191,0.1316009858110201,0,0
1992-10-01,4.2384055549815836,5.2238136354144205,6.59,19.37,98.8651731700943,0.06174407477663987,-1.428981074364366,0,0
1992-11-01,4.2384055549815836,3.440528828166234,6.87,19.83,99.5615330977494,0.06329179291770765,2.506666666666657,0,0
1992-12-01,4.2384055549815836,1.702087194916646,6.77,20.45,100.128196472785,0.06520773026835247,3.027149749314173,0,0
1993-01-01,0.6712844797485573,4.298890430950464,6.6,20.32,100.27646620291,0.06467533274220112,-0.09411440639058855,0,0
1993-02-01,0.6712844797485573,2.550342656297344,6.26,20.54,100.147100415643,0.06563677704255275,1.486570319141589,0,0
1993-03-01,0.6712844797485573,1.6901012269233906,5.98,20.85,99.9383321576762,0.0668939360504314,1.9153271451211262,0,0
1993-04-01,2.350110397649696,4.268313198276474,5.97,20.46,99.67993015837,0.06507328087386302,-1.5727741247556493,0,0
1993-05-01,2.350110397649696,3.389513567355751,6.04,20.52,99.3498509704496,0.0653919795727352,0.48975354337816857,0,0
1993-06-01,2.350110397649696,0.8353589272587225,5.96,20.61,99.093162633337,0.06580467235791068,0.631106120157221,0,0
1993-07-01,1.9229722425525564,1.6759390204170277,5.81,20.56,98.8546732588631,0.06499326222904701,-0.1718519841092725,0,0
1993-08-01,1.9229722425525564,2.519995210447279,5.68,20.81,98.7935327122765,0.06598714519903669,1.529209237854623,0,0
1993-09-01,1.9229722425525564,1.6701079053279777,5.36,20.99,98.9295469471074,0.06672965133597342,1.125228458811356,0,0
1993-10-01,5.552457658625243,5.080098909211528,5.33,21.11,99.2437968877278,0.06614162091597946,1.0147199721278533,0,0
1993-11-01,5.552457658625243,3.3469751147512383,5.72,21.04,99.6215808664689,0.06599761781805935,-0.21771933606380411,0,0
1993-12-01,5.552457658625243,2.4938115671305994,5.77,21.16,100.169818058585,0.06643390443155989,0.661064183715343,0,0
1994-01-01,3.937710488324453,0,5.75,21.41,100.641872823643,0.06647177236885671,1.5108917265800992,0,0
1994-02-01,3.937710488324453,3.33071930703146,5.97,21.26,100.810478686131,0.06627361765302743,-0.2981035539863508,0,0
1994-03-01,3.937710488324453,3.321500967604263,6.48,20.83,100.798409735209,0.06518165868707464,-1.6476525722040725,0,0
1994-04-01,5.53135102139326,0.8188286379234633,6.97,20.05,100.765120863648,0.061713020311632616,-3.574739656324788,0,0
1994-05-01,5.53135102139326,2.473253166488054,7.18,20.19,100.695106148232,0.06221944158154673,0.8206068465890004,0,0
1994-06-01,5.53135102139326,3.3032165130281843,7.1,20.29,100.575941619891,0.06276174010764005,0.8715901530272907,0,0
1994-07-01,2.3586404466458655,4.133082256608689,7.3,20.07,100.494618869766,0.06157350729599683,-0.7541279159246295,0,0
1994-08-01,2.3586404466458655,4.961108733860864,7.24,20.53,100.546158452354,0.06332495575341952,2.844483828090394,0,0
1994-09-01,2.3586404466458655,2.4430433176657385,7.46,20.57,100.625424838493,0.06369597910265548,0.5859038428398966,0,0
1994-10-01,4.66143435186348,0.8067183618047924,7.74,20.39,100.730891856537,0.06221221769031592,-0.6745759808120533,0,0
1994-11-01,4.66143435186348,3.2605872567184724,7.96,20.21,100.85905741557,0.061836645344888086,-0.6036954787520754,0,0
1994-12-01,4.66143435186348,2.4298523180906084,7.81,19.91,101.056889831259,0.06105599139832023,-1.2624455000976087,0,0
1995-01-01,1.4265935588543055,3.2451577650699504,7.78,20.22,101.148908368246,0.061849524792254064,2.2100661262330012,0,0
1995-02-01,1.4265935588543055,3.236406294269556,7.47,20.8,100.999931410827,0.06406560556234944,3.5830198817839998,0,0
1995-03-01,1.4265935588543055,2.4119455586304017,7.2,21.15,100.752044059077,0.06555850220591099,2.3302622841965492,0,0
1995-04-01,1.1987145753261874,4.867222317300279,7.06,21.64,100.644588953156,0.06699778406454983,2.9930041569502297,0,0
1995-05-01,1.1987145753261874,2.397489697565147,6.63,22.19,100.630400249471,0.06909513352927062,3.130475871709537,0,0
1995-06-01,1.1987145753261874,2.39270950551973,6.17,22.72,100.772766523744,0.07114499583629963,2.9667245757049487,0,0
1995-07-01,3.44637603753013,1.5862197091857766,6.28,23.37,100.904314450929,0.07254470023590662,3.341058681746545,0,0
1995-08-01,3.44637603753013,2.3847847361209373,6.49,23.28,100.866266445354,0.0727711705848857,0.31218041875236135,0,0
1995-09-01,3.44637603753013,1.580995220546555,6.2,23.94,100.600603304057,0.07533002521760351,3.5163026953551224,0,0
1995-10-01,2.7438737264743107,3.1806523612188053,6.04,23.93,100.424982228203,0.07499691865744554,0.7170378561431878,0,0
1995-11-01,2.7438737264743107,1.5747710829028483,5.93,24.35,100.337760455681,0.0766192873259942,2.1632471008028675,0,0
1995-12-01,2.7438737264743107,1.5727072463021852,5.71,25.03,100.364689126182,0.07906892249246261,3.197152116602031,0,0
1996-01-01,3.0296109139730465,6.4192824794153,5.65,24.76,100.382946147218,0.07808635683591773,-0.024407309175533687,0,0
1996-02-01,3.0296109139730465,2.3520660542175165,5.81,25.97,100.462671992725,0.08254974157612384,5.715959766934664,0,0
1996-03-01,3.0296109139730465,3.9403900676267867,6.27,25.63,100.625002111494,0.08223583040561391,-0.38026911352648796,0,0
1996-04-01,6.840156135275466,4.729761951934619,6.51,25.42,100.657065519078,0.08056552850548497,0.015454278516990883,0,0
1996-05-01,6.840156135275466,2.3307478270284454,6.74,25.81,100.633945835899,0.08231584346258608,2.1725358097563374,0,0
1996-06-01,6.840156135275466,2.326229812558611,6.91,25.96,100.755023426417,0.08322087829460066,1.0994661464240885,0,0
1996-07-01,3.636530454271525,2.3217292792469646,6.87,24.86,100.932833386601,0.07920768457320061,-3.6544502617800956,0,0
1996-08-01,3.636530454271525,1.5394184039425163,6.64,25.41,101.066771313145,0.08149634110107375,2.889437483503321,0,0
1996-09-01,3.636530454271525,3.8842765035379534,6.83,25.68,101.167950585756,0.08299669626711634,1.8410092352266538,0,0
1996-10-01,4.218671192714196,3.8717455628035413,6.53,26.48,101.304221112554,0.08492487261450711,3.9384779516358437,0,0
1996-11-01,4.218671192714196,3.859295204031543,6.2,27.58,101.420033385515,0.08906663392968157,4.876970889288046,0,0
1996-12-01,4.218671192714196,3.0668575132739573,6.3,27.72,101.437037969517,0.08998433491679127,1.0303532834015305,0,0
1997-01-01,2.6073704506983875,2.286342345580916,6.58,28.33,101.493578253149,0.09162401175224853,3.0904809956273205,0,0
1997-02-01,2.6073704506983875,2.281994678213617,6.42,29.26,101.625018622233,0.09547087617509031,4.19853305839053,0,0
1997-03-01,2.6073704506983875,0.7540021209374803,6.69,28.8,101.773001402824,0.09472589745720705,-0.7803203947945314,0,0
1997-04-01,6.815584719968859,0.7535286546435982,6.89,27.58,101.956673734587,0.08967551276144303,-3.5636740052514715,0,0
1997-05-01,6.815584719968859,0,6.71,29.93,102.164183126185,0.0977940032809689,9.053185501289395,0,0
1997-06-01,6.815584719968859,2.274785192537143,6.49,31.25,102.353237358059,0.10286512517864844,5.185514170137662,0,0
1997-07-01,5.098054669004881,1.5084570363403493,6.22,32.76,102.480465106673,0.10681160171459118,5.5917561537847105,0,0
1997-08-01,5.098054669004881,3.0339063308601144,6.3,32.58,102.483434501863,0.10703670154636657,0.21074473948707872,0,0
1997-09-01,5.098054669004881,3.0262557479709074,6.21,32.66,102.495570956666,0.10816566377957855,1.0547431085802916,0,0
1997-10-01,3.4797739156115615,2.2562519756973876,6.03,32.9,102.487882748358,0.10850674094534657,1.5090392947855857,0,0
1997-11-01,3.4797739156115615,1.4962318368182403,5.88,32.33,102.467375688852,0.10711042223012406,-1.2868497413684343,0,0
1997-12-01,3.4797739156115615,0.7446444393168106,5.81,33.03,102.432103551704,0.1097855589843698,2.497550377028923,0,0
1998-01-01,4.058257640232421,1.49343872449903,5.54,32.86,102.602226256813,0.10865191146881288,0.10287103712709467,0,0
1998-02-01,4.058257640232421,0,5.57,34.71,102.784150296016,0.1154618292715937,6.26764657033716,0,0
1998-03-01,4.058257640232421,0,5.65,36.29,102.792581067581,0.12144954931382014,5.185887041631654,0,0
1998-04-01,3.754973829079211,1.4915824357396579,5.64,37.27,102.768657759349,0.12399524220377964,3.284641029688995,0,0
1998-05-01,3.754973829079211,2.9997798837998246,5.65,36.95,102.658304209502,0.12357382338024944,-0.3398669304081947,0,0
1998-06-01,3.754973829079211,1.4860411536825602,5.5,36.8,102.525660011942,0.1235704787864119,-0.0027065552768767986,0,0
1998-07-01,5.105193650190398,2.988574359378937,5.46,38.26,102.373926268991,0.1268027299786418,4.347747633955534,0,0
1998-08-01,5.105193650190398,1.480540890629034,5.34,35.42,102.15957478103,0.1178169687264591,-7.0864099327327175,0,0
1998-09-01,5.105193650190398,0.7368711253855187,4.81,33.53,101.891444008152,0.11189882094226167,-5.023170981370151,0,0
1998-10-01,6.621879538646547,2.9756065879338767,4.53,33.77,101.739814995527,0.11109005808161425,1.1590766577833644,0,0
1998-11-01,6.621879538646547,1.4741751555207738,4.83,37.37,101.843961559912,0.12313655134806996,10.843898612066205,0,0
1998-12-01,6.621879538646547,2.215977411440284,4.65,38.82,102.003198715919,0.12804509924746,3.986263904301701,0,0
1999-01-01,3.839976010366586,2.2118929861094427,4.72,40.57,102.270186713831,0.13260433178893574,4.934246460232772,0,0
1999-02-01,3.839976010366586,0,5,40.4,102.502186086458,0.13237178016884735,-0.17537256660554723,0,0
1999-03-01,3.839976010366586,0.7310354628647042,5.23,41.35,102.541490792259,0.13609685360843662,2.8140993758924537,0,0
1999-04-01,3.112313234166053,8.310396067949565,5.18,42.7,102.536125546353,0.14014476039441623,4.143064463274193,0,0
1999-05-01,3.112313234166053,0.7257301412910255,5.54,42.55,102.584714426927,0.139862320550953,-0.20153435823668797,0,0
1999-06-01,3.112313234166053,0,5.9,42.18,102.59709222257,0.13886275649527643,-0.7146771566058807,0,0
1999-07-01,5.3424741420865285,5.179267384866915,5.79,43.83,102.535223348843,0.14263690763423872,4.418736531700129,0,0
1999-08-01,5.3424741420865285,2.9177305062295877,5.94,41.93,102.466621279257,0.1371111076223402,-3.874032397048499,0,0
1999-09-01,5.3424741420865285,5.144383564905297,5.92,41.32,102.45514462978,0.13614848227447301,-0.702076851803024,0,0
1999-10-01,6.97362758492599,2.1666335501136613,6.11,40.55,102.432207548552,0.13132239217453864,-1.3776675239157377,0,0
1999-11-01,6.97362758492599,2.162728830946703,6.03,43.21,102.56356138913,0.14051387875076596,6.999176929408235,0,0
1999-12-01,6.97362758492599,2.8878901432352944,6.28,44.19,102.74585397873,0.14432017850010373,2.708842559309854,0,0
2000-01-01,1.454911786723656,3.612986026369236,6.66,43.77,103.001653590631,0.1425182825266821,-0.21628356244925984,0,0
2000-02-01,1.454911786723656,5.076006626576435,6.52,42.18,103.060286338737,0.1388473313174426,-2.575775643768552,0,0
2000-03-01,1.454911786723656,7.291734975749509,6.26,43.22,102.970559957102,0.14417980782890327,3.840532231238347,0,0
2000-04-01,7.528315853486212,-0.6995016752451622,5.99,43.53,102.950014934551,0.1426039984273512,1.3278232712295557,0,0
2000-05-01,7.528315853486212,2.126952223929579,6.44,41.96,102.92195419268,0.13841963629032486,-2.934253024579836,0,0
2000-06-01,7.528315853486212,7.238971793406845,6.1,42.78,102.812336460221,0.14266254827068647,3.0652529468163214,0,0
2000-07-01,0.5352923127918352,3.5405065626510357,6.05,42.75,102.775228694789,0.14273497854857034,0.7551506197160052,0,0
2000-08-01,0.5352923127918352,0,5.83,42.87,102.736567666376,0.14394236336371982,0.8458927359131119,0,0
2000-09-01,0.5352923127918352,6.436013339129043,5.8,41.89,102.681297183955,0.14225531925202217,-1.1720275200947872,0,0
2000-10-01,2.5149346649500304,2.0935567157442048,5.74,39.37,102.56043467064,0.1331676090439481,-5.307039950955339,0,0
2000-11-01,2.5149346649500304,2.089910722859578,5.72,38.78,102.280544419492,0.1320084969621205,-0.87041592933087,0,0
2000-12-01,2.5149346649500304,2.7905203046077354,5.24,37.27,101.693005653582,0.12749562339394724,-3.4186235522916553,0,0
2001-01-01,-1.135840311114944,7.093538003781807,5.16,36.98,101.110772792982,0.12753226691533437,0.3531365285927901,0,0
2001-02-01,-1.135840311114944,2.7679929622710375,5.1,35.83,100.68524525081,0.1246791832503746,-2.237146515127697,0,0
2001-03-01,-1.135840311114944,0.6839529041820613,4.89,32.32,100.501600816813,0.11323056439399327,-9.182462186482876,0,1
2001-04-01,2.358805503771033,2.0635565670603206,5.14,32.17,100.464785941226,0.11227212534801961,0.3364675127545569,0,1
2001-05-01,2.358805503771033,6.297208038448376,5.39,34.07,100.601595176696,0.11987085648353028,6.76813689235527,0,1
2001-06-01,2.358805503771033,2.7411225345663537,5.28,33.07,100.6895432488,0.11688345020325874,-2.4921873155065,0,1
2001-07-01,-1.649845543534434,-2.0071807950981624,5.24,32.16,100.593795852266,0.1136670990819998,-2.7657805297446547,0,1
2001-08-01,-1.649845543534434,0,4.97,31.4,100.258178250815,0.11121812965929409,-2.154510357424555,0,1
2001-09-01,-1.649845543534434,4.839187763059738,4.73,27.67,99.7746037830452,0.09858541108806533,-11.358506576156124,1,0
2001-10-01,1.0939447489037413,-3.317359313875312,4.57,28.58,99.6002564559628,0.10099064810032443,3.0584699035074214,0,0
2001-11-01,1.0939447489037413,-0.6735871339164756,4.65,30.01,99.7646992162575,0.1059708109363588,4.931310898299279,0,0
2001-12-01,1.0939447489037413,-0.6739654445289678,5.09,30.5,100.162656285307,0.10740135309589023,1.349939805962741,0,0
2002-01-01,3.5442114795812607,2.048293753954833,5.04,30.28,100.54748374278,0.10568310990724587,-0.4122522774318127,0,0
2002-02-01,3.5442114795812607,2.0448035738412473,4.91,29.09,100.778025278491,0.1020182497799601,-3.4677822506380407,0,0
2002-03-01,3.5442114795812607,3.4233539806342916,5.28,30.29,100.986481438571,0.10694180491302585,4.826151344181251,0,0
2002-04-01,2.4450338942639593,5.512722565661665,5.21,29.01,101.045200847282,0.10207554120655193,-3.62804323143725,0,0
2002-05-01,2.4450338942639593,1.346781266027186,5.16,28.13,101.016196313176,0.09907550641422677,-2.93903393199213,0,0
2002-06-01,2.4450338942639593,0.6705758867928457,4.93,26.39,100.737120396615,0.09308737087250797,-6.044012045401903,0,0
2002-07-01,1.7901791376487397,2.705587989070235,4.65,23.46,100.36348831154,0.0822039490173399,-10.89031774521212,0,0
2002-08-01,1.7901791376487397,3.3847337558533974,4.26,23.59,100.055578802422,0.08301908351771657,0.9916001726446577,0,0
2002-09-01,1.7901791376487397,2.0127931246093134,3.87,22.36,99.786210080376,0.07894886950579105,-4.902745055065472,0,0
2002-10-01,0.6207302338938625,2.687411483437452,3.94,21.96,99.5828521056533,0.07719214705409755,-1.5187656284209594,0,0
2002-11-01,0.6207302338938625,2.0049464932623717,4.05,23.35,99.5996036298201,0.08218697023148612,6.470636415758868,0,0
2002-12-01,0.6207302338938625,2.001602347466558,4.03,23.1,99.5967806776219,0.0812160055089377,-1.1814095589770646,0,0
2003-01-01,2.2376013241751203,5.410222914016494,4.05,22.9,99.3979050545053,0.08010367409793727,-0.3714495429168685,0,0
2003-02-01,2.2376013241751203,6.773343886341232,3.9,21.21,99.2215134319327,0.07484503742877793,-6.564788355063412,0,0
2003-03-01,2.2376013241751203,1.9785020724382152,3.81,21.31,99.3141768215383,0.07570344436678048,1.1469122970502843,0,0
2003-04-01,3.485697288692502,-4.473276693187122,3.96,22.43,99.7979060645834,0.07867407710241649,5.1262062530267105,0,0
2003-05-01,3.485697288692502,-1.9474632933575653,3.57,23.59,100.274821199884,0.08273405301481719,5.160500207858165,0,0
2003-06-01,3.485697288692502,1.3201130993599097,3.33,24.83,100.448815628037,0.08733412152083356,5.560066669515784,0,0
2003-07-01,6.967839950004118,4.003928500942022,3.98,24.87,100.451367140927,0.08580548347993305,0.459514170040487,0,0
2003-08-01,6.967839950004118,5.352918325169176,4.45,24.64,100.35171680578,0.08554526776542824,-0.3032623370342713,0,0
2003-09-01,6.967839950004118,3.973000948616434,4.27,25.24,100.312230796168,0.0881309993338132,3.0226471152971612,0,0
2003-10-01,4.672372635015298,-1.2889187916813927,4.29,25.68,100.477499601963,0.08825777288745484,1.89221533390882,0,0
2003-11-01,4.672372635015298,0.6509334450337523,4.3,25.95,100.803272913754,0.08920685428796592,1.0753516313190215,0,0
2003-12-01,4.672372635015298,3.2918905960976685,4.27,26.64,101.14122027822,0.09181873989689256,2.9278978950376233,0,0
2004-01-01,2.1521433250030864,5.2997381791198395,4.15,27.66,101.45269504465,0.09500872009448859,4.800858750370129,0,0
2004-02-01,2.1521433250030864,2.6071338754898976,4.08,27.65,101.326033101911,0.09591810317454391,0.957157489492455,0,0
2004-03-01,2.1521433250030864,2.601482174391978,3.83,26.89,101.138935988372,0.09429228729894686,-1.6950041981528052,0,0
2004-04-01,3.0833284505320746,1.9411640969726252,4.35,26.9,100.948144974132,0.09359659895580034,0.8345344223206652,0,0
2004-05-01,3.0833284505320746,5.244737798803456,4.72,25.9,100.860770409102,0.09107120190978817,-2.6981718077221606,0,0
2004-06-01,3.0833284505320746,4.555784742959101,4.73,26.4,101.014531612049,0.09354704898105845,2.7185839424001212,0,0
2004-07-01,3.835269610993386,1.2779381096373887,4.5,25.7,101.138753622637,0.08988209705657162,-2.3756135456760585,0,0
2004-08-01,3.835269610993386,0.6364338320852481,4.28,25.17,101.111216046017,0.08850767352605066,-1.5291404801736075,0,0
2004-09-01,3.835269610993386,3.8725784432316335,4.13,25.67,100.978684940811,0.09084199900189704,2.637427222803823,0,0
2004-10-01,4.067300527673168,6.508911749574087,4.1,25.41,100.879174833128,0.08921674515918443,-0.04026269169514762,0,0
2004-11-01,4.067300527673168,5.809560415487058,4.19,26.47,100.950769251256,0.09334773416490816,4.6302843690980255,0,0
2004-12-01,4.067300527673168,0,4.23,27.14,101.102144700228,0.09576499759431581,2.589525553065175,0,0
2005-01-01,4.501920317639363,-0.6241852373789158,4.22,26.59,101.085730142264,0.09257729029489623,-1.4843105044153981,0,0
2005-02-01,4.501920317639363,5.127117242303414,4.17,26.74,100.912187696759,0.09400504038095696,1.5422249684698741,0,0
2005-03-01,4.501920317639363,4.454336062254716,4.5,26.34,100.656276073054,0.09363438956278641,-0.3942882388736524,0,0
2005-04-01,1.8590669564128692,3.7930235248581745,4.34,25.41,100.446160781395,0.09019581841146358,-2.5500041844505827,0,0
2005-05-01,1.8590669564128692,-0.61775866074254,4.14,25.65,100.521934076766,0.09126862835710116,1.1894231512413755,0,0
2005-06-01,1.8590669564128692,0.6215986401771456,4,26.07,100.800917429644,0.09312532542547178,2.0343212139729117,0,0
2005-07-01,3.6132878440458427,7.692788114477911,4.18,26.29,100.696612668024,0.09299640953694067,1.6627157413183546,0,0
2005-08-01,3.6132878440458427,7.643808413068753,4.26,26.1,100.037228149092,0.09315086587232488,0.16608849325827624,0,0
2005-09-01,3.6132878440458427,17.832593526336925,4.2,25.73,99.235780747465,0.09327640919911499,0.1347741919674572,0,0
2005-10-01,2.549878115197002,1.8259708678942221,4.46,24.88,98.9756814200996,0.08940382151158133,-2.7701644479248277,0,0
2005-11-01,2.549878115197002,-5.863383177607828,4.54,25.93,99.4067302783064,0.09280983139013506,3.8096916003892645,0,0
2005-12-01,2.549878115197002,0,4.47,26.44,100.04991089135,0.09466247274667056,1.9961692945521525,0,0
2006-01-01,5.4282731243719295,7.5161929330288535,4.42,26.47,100.340140382268,0.09399708157927564,1.3200535627976295,0,0
2006-02-01,5.4282731243719295,0.6037717689553856,4.57,26.25,100.285873901971,0.0938441846192568,-0.16266139059848417,0,0
2006-03-01,5.4282731243719295,1.8204309278207376,4.72,26.33,100.139396802349,0.09510043896864237,1.3386597736262829,0,0
2006-04-01,0.9380810007620477,6.177303423131031,4.99,26.15,99.8589160769619,0.09470460892320953,0.6515992394144243,0,0
2006-05-01,0.9380810007620477,3.6470220982346646,5.11,25.65,99.544545257799,0.0938202328091029,-0.9338258445517944,0,0
2006-06-01,0.9380810007620477,3.0216838896524267,5.11,24.75,99.521393460799,0.09114092227919435,-2.85579181556731,0,0
2006-07-01,0.619967325765125,6.74084133113575,5.09,24.7,99.5617022430645,0.09087743408692675,0.5641692667395448,0,0
2006-08-01,0.619967325765125,5.454615283227371,4.88,25.05,99.6712452286928,0.0928179468077412,2.135307560464672,0,0
2006-09-01,0.619967325765125,-5.731791893442573,4.72,25.64,100.022700435861,0.09502382878952173,2.376568387522826,0,0
2006-10-01,3.4512491791432343,-5.197362632217617,4.73,26.54,100.490802267432,0.09712601376853038,3.4635056991515922,0,0
2006-11-01,3.4512491791432343,0.5959754076334756,4.6,26.93,100.748307444824,0.09892551435368865,1.852748316683539,0,0
2006-12-01,3.4512491791432343,6.733966084051013,4.56,27.28,100.876967693066,0.10090453756254442,2.0005184929139386,0,0
2007-01-01,0.9453050753365666,2.0094094626016856,4.76,27.21,100.912632883531,0.10023247239042864,0.5464480874316946,0,0
2007-02-01,0.9453050753365666,4.754589909133489,4.72,27.32,100.663953004398,0.10168511691782614,1.4492753623188248,0,0
2007-03-01,0.9453050753365666,6.4217481478441085,4.56,26.23,100.361004127072,0.09902123148362091,-2.619739756367656,0,0
2007-04-01,2.311255878871088,3.660819643949642,4.69,26.98,100.167039347131,0.10176630919411506,4.029283201250933,0,0
2007-05-01,2.311255878871088,5.07389934303859,4.75,27.55,100.09981374724,0.10506896537098946,3.245333551966323,0,0
2007-06-01,2.311255878871088,2.8158014838965517,5.1,27.42,100.054476387868,0.10528103066234666,0.201834376695742,0,0
2007-07-01,2.190858157651876,2.1577651583887025,5,27.41,100.028709251077,0.10462398941369327,0.43059325447929453,0,0
2007-08-01,2.190858157651876,0.3705647397985068,4.67,26.15,99.773281240157,0.1000770347278222,-4.345996278054343,0,0
2007-09-01,2.190858157651876,5.205269455817119,4.52,26.73,99.4889470279675,0.10300101073250552,2.9217252615803435,0,0
2007-10-01,2.453625929096215,3.76327666730778,4.53,27.32,99.160713895137,0.10487074856991803,2.841455594741915,0,0
2007-11-01,2.453625929096215,9.849160326500916,4.15,25.73,98.8421759422495,0.09967577565808837,-4.953691074652844,0,0
2007-12-01,2.453625929096215,3.533586449555215,4.1,25.96,98.654761089559,0.10075400328617626,1.0817348758703993,0,0
2008-01-01,-2.2790584029767746,4.216606747204343,3.74,24.02,98.4746156542921,0.094106636396231,-6.791417098200403,0,0
2008-02-01,-2.2790584029767746,2.9402877602096256,3.74,23.5,98.0410625313912,0.0924760353173587,-1.732716353825181,0,0
2008-03-01,-2.2790584029767746,4.379144346971553,3.51,22.61,97.518370543196,0.08988714042737857,-2.7995305822698713,0,0
2008-04-01,2.0816028830630495,2.81288334889227,3.68,23.36,96.9291897176698,0.09256423122287895,4.064725803757185,0,1
2008-05-01,2.0816028830630495,7.336720175176414,3.88,23.7,96.5061704873737,0.09477623044398505,2.3896911278612487,0,1
2008-06-01,2.0816028830630495,13.324435045364623,4.1,22.42,96.3731427875903,0.09059065512392565,-4.416271147788664,0,1
2008-07-01,-2.1479017849608595,8.91447821233784,4.01,20.91,96.5996708175287,0.08475322892795352,-6.2568499534016775,0,1
2008-08-01,-2.1479017849608595,-1.7716204867686103,3.89,21.4,96.886659599069,0.0863804413115925,1.9199414632594447,0,1
2008-09-01,-2.1479017849608595,1.0309496000342921,3.69,20.36,96.9714803224085,0.08203132188357316,-5.034842797724481,0,1
2008-10-01,-8.378350761907772,-9.843884057653597,3.81,16.39,96.5778515803652,0.0665405500708367,-20.39114178889848,1,0
2008-11-01,-8.378350761907772,-19.29495757748351,3.53,15.26,96.2916581537401,0.06065025529990879,-8.852188274153594,0,0
2008-12-01,-8.378350761907772,-9.444861955805361,2.42,15.38,96.283330197126,0.060273869859788866,-0.6205834390288101,0,0
2009-01-01,-4.41571798865692,3.079555952018276,2.52,15.17,96.2913694230659,0.06013249322816481,-1.3651488217329755,0,0
2009-02-01,-4.41571798865692,4.459840150967587,2.87,14.12,96.2623304342507,0.055939933365044416,-6.972203609140692,0,0
2009-03-01,-4.41571798865692,-1.178327351091757,2.82,13.32,96.4875353961514,0.05259839020984821,-5.973448579908847,0,0
2009-04-01,-0.5747162077701429,1.2152153655990094,2.93,14.98,96.9873002049246,0.05909279341733523,12.021713576268267,0,0
2009-05-01,-0.5747162077701429,1.780153974851495,3.29,16,97.4173239787591,0.0628732272684519,6.397453280669696,0,0
2009-06-01,-0.5747162077701429,10.426981789948965,3.72,16.38,97.5953609844273,0.06452516399182044,2.627408827473099,0,0
2009-07-01,1.4644183433524915,-0.35697315664251494,3.56,16.69,97.5449368951386,0.06489596064218306,1.0473804690536825,0,0
2009-08-01,1.4644183433524915,4.092976386941283,3.59,18.09,97.5936601366899,0.07002136985663002,7.897886345664751,0,0
2009-09-01,1.4644183433524915,2.3418306961097812,3.4,18.83,97.7919926011696,0.07243601941483652,3.4484466144414805,0,0
2009-10-01,4.4664547879113,3.6623938697436964,3.39,19.36,97.8250480694322,0.07298731660284054,2.212435977215077,0,0
2009-11-01,4.4664547879113,4.09314720871552,3.4,19.81,97.8406964819433,0.07438258394624946,1.9116572691680656,0,0
2009-12-01,4.4664547879113,0.6260006307361676,3.59,20.32,98.0348845561018,0.07590773898943678,2.0504195502127676,0,0
2010-01-01,1.5480250950848262,0.7812623021764775,3.73,20.53,98.2148851233386,0.07632316329684437,1.1887822186998909,0,0
2010-02-01,1.5480250950848262,-1.1361721073902986,3.69,19.92,98.276240766517,0.07398506251125067,-3.06342227522739,0,0
2010-03-01,1.5480250950848262,0.39836727647115655,3.73,21,98.2727927138645,0.07825708919358618,5.774174593264525,0,0
2010-04-01,3.7394356501167625,0.2763981707939678,3.85,21.8,98.2500496331971,0.08021654420331421,3.9295169480491277,0,0
2010-05-01,3.7394356501167625,-0.6219464536169395,3.42,20.48,98.2486356845718,0.07537535932029925,-6.035145157518462,0,0
2010-06-01,3.7394356501167625,-0.5013982347400581,3.2,19.74,98.1428013664084,0.07258159500225711,-3.7064689883206325,0,0
2010-07-01,2.9816144838429315,2.2663096645223035,3.01,19.67,97.8260696986606,0.0716051686491378,-0.3286072958204045,0,0
2010-08-01,2.9816144838429315,1.7677999101675557,2.7,19.77,97.632897228771,0.07210119259940224,0.6927208742359747,0,0
2010-09-01,2.9816144838429315,1.955611961161119,2.65,20.38,97.5763311827961,0.07440889760865395,3.200647487307773,0,0
2010-10-01,2.022775154547629,4.259164992268016,2.54,21.24,97.6859358338674,0.076871075963449,4.411450163981168,0,0
2010-11-01,2.022775154547629,3.0833442286655632,2.76,21.7,97.972242430893,0.07866297159546884,2.3310401338363818,0,0
2010-12-01,2.022775154547629,4.92780720463577,3.29,22.4,98.2513473208633,0.08146071710075355,3.5566232098023898,0,0
2011-01-01,-0.9583018463888759,3.9618208529389465,3.39,22.98,98.3718237194875,0.08390909540523418,3.3096260259518395,0,0
2011-02-01,-0.9583018463888759,3.9263023823861154,3.58,23.49,98.3172407356394,0.08642776825697633,3.0016684598711985,0,0
2011-03-01,-0.9583018463888759,6.387992980912194,3.41,22.9,98.0462086367585,0.08533983242517187,-1.2587804287271354,0,0
2011-04-01,2.8907109738332437,5.780646628655517,3.46,23.14,97.9812235284129,0.08592499743001328,2.071307560809199,0,0
2011-05-01,2.8907109738332437,3.8855852258263823,3.17,23.06,97.9637549207123,0.0863638149999332,0.510698380034702,0,0
2011-06-01,2.8907109738332437,0,3,22.1,97.6218980791218,0.08307139258562218,-3.8122706996136957,0,0
2011-07-01,-0.11106835912257917,3.1897485349885235,3,22.61,96.9800176717718,0.08499248004566488,2.9441695344483376,0,0
2011-08-01,-0.11106835912257917,3.851724249666111,2.3,20.05,96.4321401419587,0.07602112642181652,-10.555467517865369,0,0
2011-09-01,-0.11106835912257917,2.6372069112142293,1.98,19.7,96.3573973801694,0.07528805112927588,-0.964304696661622,0,0
2011-10-01,4.718401461224575,0.8132647893466238,2.15,20.16,96.6151486279207,0.07642345183667734,2.840154019150165,0,0
2011-11-01,4.718401461224575,2.2400954845172016,2.01,20.35,97.1066227165617,0.07763891403516991,1.590430907373963,0,0
2011-12-01,4.718401461224575,0.28562341899691646,1.98,20.52,97.7145584993925,0.07870877399113473,1.3779944880220274,0,0
2012-01-01,3.1689481124483443,3.3184629867021753,1.97,21.21,98.2328330134128,0.08118599544387624,4.60541131808383,0,0
2012-02-01,3.1689481124483443,2.5953044844367,1.97,21.8,98.5217735253222,0.08442636898759644,3.991296190930216,0,0
2012-03-01,3.1689481124483443,2.541292546310059,2.17,22.05,98.6610147290587,0.086720411132303,2.71721047845086,0,0
2012-04-01,1.7319423274066104,2.0112514139794646,2.05,21.78,98.7000365698628,0.08583506317414341,-0.20226886643056607,0,0
2012-05-01,1.7319423274066104,-2.453779240538334,1.8,20.94,98.6373580484633,0.08303916907711412,-3.257286700374351,0,0
2012-06-01,1.7319423274066104,-0.9871412150008974,1.62,20.55,98.4078342709229,0.08193777501187605,-1.3263548726207275,0,0
2012-07-01,0.5408864823340798,0.34712295774803614,1.53,21,98.3269588844526,0.08364196162045859,2.7427690633783586,0,0
2012-08-01,0.5408864823340798,7.198558198518601,1.68,21.41,98.5176616901476,0.08632816414142921,3.211548927032326,0,0
2012-09-01,0.5408864823340798,5.878183854950558,1.72,21.78,98.872749021535,0.08878677450926058,2.8479817592361734,0,0
2012-10-01,0.4562716008958745,3.284587438256481,1.75,21.58,99.1273898453727,0.08789241648395735,-0.38796746615678,0,0
2012-11-01,0.4562716008958745,-1.9967038881694488,1.65,20.9,99.0304062432484,0.08524492197287795,-3.012199023521722,0,0
2012-12-01,0.4562716008958745,-0.14520120367227385,1.72,21.24,98.6554887367039,0.08694308400284298,1.9920975826634324,0,0
2013-01-01,3.590044091402711,2.4030137357850423,1.91,21.9,98.5113393346831,0.08934438997317436,4.085664667543187,0,0
2013-02-01,3.590044091402711,6.714072723247555,1.98,22.05,98.6269633982591,0.09127020697131269,2.155498513915144,0,0
2013-03-01,3.590044091402711,-3.3226035123508413,1.96,22.42,98.8142540505764,0.09359494751560252,2.547096825386319,0,0
2013-04-01,0.4945002513272012,-2.4770007064834787,1.76,22.6,99.0524270356134,0.09440479540538887,1.2812493954849957,0,0
2013-05-01,0.4945002513272012,0.49812021517219307,1.93,23.41,99.4323245191109,0.09856036142966376,4.401859043738443,0,0
2013-06-01,0.4945002513272012,2.8941860479008152,2.3,22.93,99.6287343063928,0.09729397762677873,-1.2848814518489515,0,0
2013-07-01,3.1706777294290056,2.3743971830912924,2.58,23.49,99.5864074301676,0.09903881285422514,3.0832051495888857,0,0
2013-08-01,3.1706777294290056,2.902664190044013,2.74,23.36,99.2710105819469,0.0991224985975219,0.0844979265047785,0,0
2013-09-01,3.1706777294290056,0.45327258580445395,2.81,23.44,98.8430474415183,0.10013622377164168,1.0226993754827607,0,0
2013-10-01,3.231431699510434,0.644171352564693,2.62,23.83,98.5784721654251,0.1006858400772645,1.947640131107109,0,0
2013-11-01,3.231431699510434,2.235980074390942,2.72,24.64,98.6913180424602,0.1044035413402117,3.692377458532703,0,0
2013-12-01,3.231431699510434,3.219556896886777,2.9,24.86,99.0324166207983,0.10582248447694355,1.3590948338697117,0,0
2014-01-01,-1.1260344444356418,2.9481112065645743,2.86,24.86,99.2265812921296,0.10654238008530476,0.806514066977182,0,0
2014-02-01,-1.1260344444356418,1.3289610708913546,2.71,24.59,99.3053076673473,0.10623135182411936,-0.291929146820602,0,0
2014-03-01,-1.1260344444356418,2.4781764955682295,2.72,24.96,99.3415361159961,0.10894875663237073,2.5580064280368076,0,0
2014-04-01,5.525668097740288,2.2601020910144154,2.71,24.79,99.4235631723529,0.10693912301154099,0.03970979651413131,0,0
2014-05-01,5.525668097740288,2.307660798433764,2.56,24.94,99.4082619615829,0.10840244734828823,1.3683713645092466,0,0
2014-06-01,5.525668097740288,1.5969291040399458,2.6,25.56,99.3785924016951,0.11169048149106955,3.03317334913773,0,0
2014-07-01,4.973899769808932,1.35897412119248,2.54,25.82,99.369394617169,0.11133834719857177,1.3358396376130566,0,0
2014-08-01,4.973899769808932,-0.19183274409180218,2.42,25.62,99.4760151707907,0.11068547371162867,-0.5863869038568725,0,0
2014-09-01,4.973899769808932,0.08594304062956581,2.53,25.92,99.7055915042825,0.11247424549521527,1.6160854027213567,0,0
2014-10-01,2.2702505615013857,-0.23723833293702867,2.3,25.16,100.028344728578,0.1085310672680067,-2.8075033990056397,0,0
2014-11-01,2.2702505615013857,-2.235945266117201,2.33,26.61,100.424351642148,0.11454230138501523,5.538722016032871,0,0
2014-12-01,2.2702505615013857,-3.6393747811504062,2.21,26.79,100.863458749172,0.1150857214310076,0.47442738570946386,0,0
2015-01-01,3.851016504229987,-7.382152183560109,1.88,26.49,101.159304807139,0.11265539357318026,-1.270037531580559,0,0
2015-02-01,3.851016504229987,3.084333869720557,1.98,27,101.161867095404,0.11565593808147004,2.6634716839728068,0,0
2015-03-01,3.851016504229987,3.281073560764791,2.04,26.73,101.053790396838,0.11553318348385211,-0.10613773892997891,0,0
2015-04-01,2.734045181406919,1.2581722891810365,1.94,26.79,100.992519685789,0.11495328277209244,0.7149072832081105,0,0
2015-05-01,2.734045181406919,4.029865109996389,2.2,26.81,100.90255013886,0.11589053016320561,0.8153289479965187,0,0
2015-06-01,2.734045181406919,3.3725395703916083,2.36,26.5,100.918321760374,0.11519637445491628,-0.5989753496784989,0,0
2015-07-01,1.458325544947603,1.9202801797054248,2.32,26.38,100.789897772421,0.11413808749729185,-0.24532103711255582,0,0
2015-08-01,1.458325544947603,-0.005041180139209178,2.17,25.69,100.577803040872,0.11118017923496076,-2.5915172815571097,0,0
2015-09-01,1.458325544947603,-2.66401266539118,2.17,24.5,100.386664703595,0.10597726928983223,-4.679709981518421,0,0
2015-10-01,0.6429941485993185,1.193861673407981,2.07,25.49,100.419393558106,0.11017093985935864,4.134930390195479,0,0
2015-11-01,0.6429941485993185,1.4429975292749253,2.26,26.23,100.54982846859,0.11320759028757205,2.7563079992690698,0,0
2015-12-01,0.6429941485993185,-1.2830564387141585,2.24,25.97,100.658471980476,0.11176353541631628,-1.2755813171073993,0,0
2016-01-01,2.284975977106174,-0.5487472679292171,2.09,24.21,100.673128199177,0.10387567923086302,-6.595653528587009,0,0
2016-02-01,2.284975977106174,-1.5839929133343533,1.78,24,100.631332067422,0.10310795425875126,-0.7390805795892796,0,0
2016-03-01,2.284975977106174,3.8272958638365218,1.89,25.37,100.586736474609,0.10947119233860289,6.171432772182595,0,0
2016-04-01,1.2535230757250826,4.6948689033403435,1.81,25.92,100.611430052587,0.11125198171311029,2.6504117312495357,0,0
2016-05-01,1.2535230757250826,2.8740943423511522,1.81,25.69,100.748416651195,0.11071650309197364,-0.4813205238154761,0,0
2016-06-01,1.2535230757250826,3.382481504232948,1.64,25.84,100.723732853787,0.11169955393398026,0.8878991067754249,0,0
2016-07-01,2.1954308653463706,-0.6027691852089845,1.5,26.69,100.559549762138,0.11417347705869699,3.119646430473777,0,0
2016-08-01,2.1954308653463706,2.2417753436020593,1.56,26.95,100.44094344995,0.11534501839107367,1.0261063800083736,0,0
2016-09-01,2.1954308653463706,3.193667342594142,1.63,26.73,100.419497468139,0.11464049965786212,-0.6107925101913825,0,0
2016-10-01,2.5410542135027914,2.84773136940768,1.76,26.53,100.505590266375,0.11259745131768786,-0.6798937752874656,0,0
2016-11-01,2.5410542135027914,1.423946862965364,2.14,26.85,100.874073409437,0.11375178772399747,1.0251887523214709,0,0
2016-12-01,2.5410542135027914,3.0718457742537453,2.49,27.87,101.251800965992,0.11804127448827222,3.7709181104762735,0,0
2017-01-01,2.2819473208793406,4.971386716181447,2.43,28.06,101.417669756957,0.11826524690011947,1.2681215865540718,0,0
2017-02-01,2.2819473208793406,1.2483636658202846,2.42,28.66,101.403907393237,0.12111333969419519,2.408224621118893,0,0
2017-03-01,2.2819473208793406,-0.520339998159991,2.48,29.09,101.369681820724,0.12303199465001441,1.5841813632286428,0,0
2017-04-01,1.7187440460796122,2.529622199891457,2.3,28.9,101.325355886885,0.12174424662442764,-0.3173033859778185,0,0
2017-05-01,1.7187440460796122,-1.0024304823302077,2.3,29.31,101.245669585215,0.12360396944522878,1.527565262725128,0,0
2017-06-01,1.7187440460796122,0.7350444851164539,2.19,29.75,101.127225434405,0.12559785650948396,1.6131254305216336,0,0
2017-07-01,2.9473615140808818,0.3050715843863516,2.32,30,101.081334225336,0.12509884138928887,0.8262153911889669,0,0
2017-08-01,2.9473615140808818,4.639805628802929,2.21,29.91,101.189270265395,0.1252069093342566,0.08638604783830495,0,0
2017-09-01,2.9473615140808818,6.789698421323664,2.2,30.17,101.324452017023,0.12707363015723683,1.4909087948148159,0,0
2017-10-01,3.877858426200431,0.5171392994824053,2.36,30.92,101.491927198696,0.1282478054553517,2.5737712809486224,0,0
2017-11-01,3.877858426200431,3.56465144630298,2.35,31.3,101.46948046278,0.1300840010586839,1.4317559640203426,0,0
2017-12-01,3.877858426200431,1.7505030395462473,2.4,32.09,101.377087152035,0.13363150488342265,2.7270869560188427,0,0
2018-01-01,3.7791224044322114,4.876940278827768,2.58,33.31,101.409852238395,0.13782088570840692,4.708858479022959,0,0
2018-02-01,3.7791224044322114,2.8295369747643795,2.86,32.04,101.588258055263,0.13363952512113916,-3.033909240805799,0,0
2018-03-01,3.7791224044322114,1.0495397687919406,2.84,31.81,101.699080320508,0.13352145503839377,-0.08834967247778325,0,0
2018-04-01,2.7014556184875804,3.7069730954195412,2.87,30.97,101.643360132579,0.12911374507222986,-1.8181347284452531,0,0
2018-05-01,2.7014556184875804,2.4778068164053035,2.98,31.24,101.549292275785,0.13144239821496523,1.8035671890956895,0,0
2018-06-01,2.7014556184875804,1.7654197640333935,2.91,31.63,101.485799829778,0.13401432895305537,1.9566979703793175,0,0
2018-07-01,2.1173902749594964,0.9260582226170877,2.89,31.89,101.451326463753,0.13468048529597582,1.4264708551926963,0,0
2018-08-01,2.1173902749594964,1.8779553293304385,2.89,32.39,101.463647773102,0.1377745824403093,2.2973611488953605,0,0
2018-09-01,2.1173902749594964,2.156606779550141,3,32.62,101.554866309467,0.13988038118235488,1.5284377602508226,0,0
2018-10-01,1.3197675838224843,3.4607596659513185,3.15,31.04,101.53537970087,0.13321279685706064,-3.9993107013613693,0,0
2018-11-01,1.3197675838224843,-0.36475203774453124,3.12,30.2,101.415880483011,0.13023668793845658,-2.234101369253194,0,0
2018-12-01,1.3197675838224843,-1.5504447983490044,2.83,28.29,101.229451027991,0.12277991624331362,-5.725553845984366,0,0
2019-01-01,2.9321911866146966,-0.24685582462736777,2.71,28.38,101.006308863606,0.12348339302067518,1.5611671360295398,0,0
2019-02-01,2.9321911866146966,2.5389686575210346,2.68,29.54,101.065511690962,0.1304674253168637,5.655847418299542,0,0
2019-03-01,2.9321911866146966,5.733401344328981,2.57,29.58,101.303778930804,0.13279369958545242,1.7830307166244452,0,0
2019-04-01,1.4911308938809542,5.711113487577846,2.53,30.13,101.478434474608,0.1361376814315432,3.5599397998559157,0,0
2019-05-01,1.4911308938809542,0.21169945720129757,2.4,29.24,101.57447392967,0.13383621480798974,-1.6905434258557839,0,0
2019-06-01,1.4911308938809542,0.2446242199129589,2.07,29.28,101.471995731409,0.13549867165197438,1.2421576972792447,0,0
2019-07-01,2.5721021247193443,2.3841020711993677,2.06,29.99,101.218626157392,0.1390930731082284,3.6655283253234305,0,0
2019-08-01,2.5721021247193443,0.9087155457446539,1.63,28.71,100.895127509754,0.13451514775194895,-3.291267677087961,0,0
2019-09-01,2.5721021247193443,1.9570692111292365,1.7,29.23,100.895086579861,0.13844545056771426,2.9218291630715987,0,1
2019-10-01,2.3656281731889273,4.073636726761398,1.71,28.84,101.116700998029,0.13692123295324488,-0.1502266813316555,0,1
2019-11-01,2.3656281731889273,2.843056224226115,1.81,29.84,101.410241304455,0.1427711292672584,4.272453722361047,0,1
2019-12-01,2.3656281731889273,0.9999450401534604,1.86,30.33,101.659103773519,0.1460749733968125,2.3140841895069153,0,1
2020-01-01,-4.955763298363669,2.2727290403355305,1.76,30.99,101.657342896572,0.15204206048669322,3.1935153852207465,0,1
2020-02-01,-4.955763298363669,0.6373714506536787,1.5,30.73,101.189795045996,0.1520007825189569,-0.027149045207730538,0,1
2020-03-01,-4.955763298363669,-3.8033977049360956,0.87,24.82,100.09963657877,0.12301715600460625,-19.068077173047413,1,0
2020-04-01,-31.3831814203651,-8.045603293339031,0.66,25.93,98.9138450309463,0.14149405070072849,4.131745331568881,0,0
2020-05-01,-31.3831814203651,-1.1647323309623037,0.67,27.33,98.3673835912354,0.14956931091693418,5.70713763314723,0,0
2020-06-01,-31.3831814203651,6.466781465178162,0.73,28.84,98.3124086076633,0.159049276044187,6.338175304235838,0,0
2020-07-01,33.44130589193397,6.343272373744635,0.62,29.6,98.3305282539054,0.15151543779450521,3.3163051670714427,0,0
2020-08-01,33.44130589193397,4.290895583687471,0.65,31.16,98.5510253416896,0.1602111302217848,5.739146158210762,0,0
2020-09-01,33.44130589193397,2.9903835717682847,0.68,30.84,98.8958087363725,0.15897401693659574,-0.772176866536356,0,0
2020-10-01,4.091780090555686,1.4533804709075504,0.79,31.28,99.0694673943503,0.159098871290144,1.580142147424457,0,0
2020-11-01,4.091780090555686,2.163508648479384,0.87,32.44,99.0435320238295,0.16516228485096912,3.8110977857080064,0,0
2020-12-01,4.091780090555686,2.9503179364637644,0.93,33.7,99.0670486613958,0.17197169978856933,4.122863124438236,0,0
